0;2022.05.04 06:15;4;23;-200;-200;0;206;0;
1;2022.05.04 06:30;4;23;-200;-200;0;206;0;
2;2022.05.04 06:45;4;22.8125;-200;-200;0;206;0;
3;2022.05.04 07:00;4;22.6875;-200;-200;0;206;0;
4;2022.05.04 07:15;4;22.5625;-200;-200;0;206;0;
5;2022.05.04 07:30;4;22.5;-200;-200;0;206;0;
6;2022.05.04 07:45;4;22.375;-200;-200;0;206;0;
7;2022.05.04 08:00;4;22.3125;-200;-200;0;206;0;
8;2022.05.04 08:15;4;22.25;-200;-200;0;206;0;
9;2022.05.04 08:30;4;22.1875;-200;-200;0;206;0;
10;2022.05.04 08:45;4;22.1875;-200;-200;0;206;0;
11;2022.05.04 09:00;4;22.1875;-200;-200;0;206;0;
12;2022.05.04 09:15;4;22.1875;-200;-200;0;206;0;
13;2022.05.04 09:30;4;22.625;-200;-200;0;206;0;
14;2022.05.04 09:45;4;22.75;-200;-200;0;206;0;
15;2022.05.04 10:00;4;22.75;-200;-200;0;206;0;
16;2022.05.04 10:15;4;22.75;-200;-200;0;206;0;
17;2022.05.04 10:30;4;22.6875;-200;-200;0;206;0;
18;2022.05.04 10:45;4;22.6875;-200;-200;0;206;0;
19;2022.05.04 11:00;4;22.625;-200;-200;0;206;0;
20;2022.05.04 11:15;4;22.625;-200;-200;0;206;0;
21;2022.05.04 11:30;4;22.5625;-200;-200;0;206;0;
22;2022.05.04 11:45;4;22.5625;-200;-200;0;206;0;
23;2022.05.04 12:00;4;22.625;-200;-200;0;206;0;
24;2022.05.04 12:15;4;22.75;-200;-200;0;206;0;
25;2022.05.04 12:30;4;22.75;-200;-200;0;206;0;
26;2022.05.04 12:45;4;23.1875;-200;-200;0;206;0;
27;2022.05.04 13:00;4;23.1875;-200;-200;0;206;0;
28;2022.05.04 13:15;4;23.125;-200;-200;0;206;0;
29;2022.05.04 13:30;4;23.125;-200;-200;0;206;0;
30;2022.05.04 13:45;4;23.125;-200;-200;0;206;0;
31;2022.05.04 14:00;4;23.0625;-200;-200;0;206;0;
32;2022.05.04 14:15;4;23.0625;-200;-200;0;206;0;
33;2022.05.04 14:30;4;23;-200;-200;0;206;0;
34;2022.05.04 14:45;4;23;-200;-200;0;206;0;
35;2022.05.04 15:00;4;23;-200;-200;0;206;0;
36;2022.05.04 15:15;4;22.9375;-200;-200;0;206;0;
37;2022.05.04 15:30;4;22.875;-200;-200;0;206;0;
38;2022.05.04 15:45;4;22.8125;-200;-200;0;206;0;
39;2022.05.04 16:00;4;22.8125;-200;-200;0;206;0;
40;2022.05.04 16:15;4;22.75;-200;-200;0;206;0;
41;2022.05.04 16:30;4;22.75;-200;-200;0;206;0;
42;2022.05.04 16:45;4;22.6875;-200;-200;0;206;0;
43;2022.05.04 17:00;4;22.6875;-200;-200;0;206;0;
44;2022.05.04 17:15;4;22.6875;-200;-200;0;206;0;
45;2022.05.04 17:30;4;22.6875;-200;-200;0;206;0;
46;2022.05.04 17:45;4;22.6875;-200;-200;0;206;0;
47;2022.05.04 18:00;4;22.625;-200;-200;0;206;0;
48;2022.05.04 18:15;4;22.625;-200;-200;0;206;0;
49;2022.05.04 18:30;4;22.625;-200;-200;0;206;0;
50;2022.05.04 18:45;4;22.5625;-200;-200;0;206;0;
51;2022.05.04 19:00;4;22.625;-200;-200;0;206;0;
52;2022.05.04 19:15;4;22.5625;-200;-200;0;206;0;
53;2022.05.04 19:30;4;22.5625;-200;-200;0;206;0;
54;2022.05.04 19:45;4;22.5625;-200;-200;0;206;0;
55;2022.05.04 20:00;4;22.5625;-200;-200;0;206;0;
56;2022.05.04 20:15;4;22.5;-200;-200;0;206;0;
57;2022.05.04 20:30;4;22.5;-200;-200;0;206;0;
58;2022.05.04 20:45;4;22.5;-200;-200;0;206;0;
59;2022.05.04 21:00;4;22.5;-200;-200;0;206;0;
60;2022.05.04 21:15;4;22.5;-200;-200;0;206;0;
61;2022.05.04 21:30;4;22.5;-200;-200;0;206;0;
62;2022.05.04 21:45;4;22.5;-200;-200;0;206;0;
63;2022.05.04 22:00;4;22.5;-200;-200;0;206;0;
64;2022.05.04 22:15;4;22.5;-200;-200;0;206;0;
65;2022.05.04 22:30;4;22.5;-200;-200;0;206;0;
66;2022.05.04 22:45;4;22.5;-200;-200;0;206;0;
67;2022.05.04 23:00;4;22.4375;-200;-200;0;206;0;
68;2022.05.04 23:15;4;22.4375;-200;-200;0;206;0;
69;2022.05.04 23:30;4;22.4375;-200;-200;0;206;0;
70;2022.05.04 23:45;4;22.4375;-200;-200;0;206;0;
71;2022.05.05 00:00;4;22.4375;-200;-200;0;206;0;
72;2022.05.05 00:15;4;22.4375;-200;-200;0;206;0;
73;2022.05.05 00:30;4;22.4375;-200;-200;0;206;0;
74;2022.05.05 00:45;4;22.4375;-200;-200;0;206;0;
75;2022.05.05 01:00;4;22.4375;-200;-200;0;206;0;
76;2022.05.05 01:15;4;22.4375;-200;-200;0;206;0;
77;2022.05.05 01:30;4;22.375;-200;-200;0;206;0;
78;2022.05.05 01:45;4;22.4375;-200;-200;0;206;0;
79;2022.05.05 02:00;4;22.375;-200;-200;0;206;0;
80;2022.05.05 02:15;4;22.375;-200;-200;0;206;0;
81;2022.05.05 02:30;4;22.375;-200;-200;0;206;0;
82;2022.05.05 02:45;4;22.375;-200;-200;0;206;0;
83;2022.05.05 03:00;4;22.375;-200;-200;0;206;0;
84;2022.05.05 03:15;4;22.375;-200;-200;0;206;0;
85;2022.05.05 03:30;4;22.375;-200;-200;0;206;0;
86;2022.05.05 03:45;4;22.375;-200;-200;0;206;0;
87;2022.05.05 04:00;4;22.375;-200;-200;0;206;0;
88;2022.05.05 04:15;4;22.375;-200;-200;0;206;0;
89;2022.05.05 04:30;4;22.3125;-200;-200;0;206;0;
90;2022.05.05 04:45;4;22.3125;-200;-200;0;206;0;
91;2022.05.05 05:00;4;22.3125;-200;-200;0;206;0;
92;2022.05.05 05:15;4;22.3125;-200;-200;0;206;0;
93;2022.05.05 05:30;4;22.3125;-200;-200;0;206;0;
94;2022.05.05 05:45;4;22.3125;-200;-200;0;206;0;
95;2022.05.05 06:00;4;22.3125;-200;-200;0;206;0;
96;2022.05.05 06:15;4;22.3125;-200;-200;0;206;0;
97;2022.05.05 06:30;4;22.3125;-200;-200;0;206;0;
98;2022.05.05 06:45;4;22.3125;-200;-200;0;206;0;
99;2022.05.05 07:00;4;22.3125;-200;-200;0;206;0;
100;2022.05.05 07:15;4;22.3125;-200;-200;0;206;0;
101;2022.05.05 07:30;4;22.3125;-200;-200;0;206;0;
102;2022.05.05 07:45;4;22.3125;-200;-200;0;206;0;
103;2022.05.05 08:00;4;22.3125;-200;-200;0;206;0;
104;2022.05.05 08:15;4;22.4375;-200;-200;0;206;0;
105;2022.05.05 08:30;4;22.9375;-200;-200;0;206;0;
106;2022.05.05 08:45;4;23;-200;-200;0;206;0;
107;2022.05.05 09:00;4;23;-200;-200;0;206;0;
108;2022.05.05 09:15;4;23.0625;-200;-200;0;206;0;
109;2022.05.05 09:30;4;23.0625;-200;-200;0;206;0;
110;2022.05.05 09:45;4;23.125;-200;-200;0;206;0;
111;2022.05.05 10:00;4;23.125;-200;-200;0;206;0;
112;2022.05.05 10:15;4;23.1875;-200;-200;0;206;0;
113;2022.05.05 10:30;4;23.1875;-200;-200;0;206;0;
114;2022.05.05 10:45;4;23.1875;-200;-200;0;206;0;
115;2022.05.05 11:00;4;23.25;-200;-200;0;206;0;
116;2022.05.05 11:15;4;23.25;-200;-200;0;206;0;
117;2022.05.05 11:30;4;23.3125;-200;-200;0;206;0;
118;2022.05.05 11:45;4;23.3125;-200;-200;0;206;0;
119;2022.05.05 12:00;4;23.375;-200;-200;0;206;0;
120;2022.05.05 12:15;4;23.4375;-200;-200;0;206;0;
121;2022.05.05 12:30;4;23.5;-200;-200;0;206;0;
122;2022.05.05 12:45;4;23.625;-200;-200;0;206;0;
123;2022.05.05 13:00;4;23.6875;-200;-200;0;206;0;
124;2022.05.05 13:15;4;23.75;-200;-200;0;206;0;
125;2022.05.05 13:30;4;23.6875;-200;-200;0;206;0;
126;2022.05.05 13:45;4;23.6875;-200;-200;0;206;0;
127;2022.05.05 14:00;4;23.8125;-200;-200;0;206;0;
128;2022.05.05 14:15;4;23.9375;-200;-200;0;206;0;
129;2022.05.05 14:30;4;24.0625;-200;-200;0;206;0;
130;2022.05.05 14:45;4;24.25;-200;-200;0;206;0;
131;2022.05.05 15:00;4;24.375;-200;-200;0;206;0;
132;2022.05.05 15:15;4;24.5625;-200;-200;0;206;0;
133;2022.05.05 15:30;4;24.6875;-200;-200;0;206;0;
134;2022.05.05 15:45;4;24.75;-200;-200;0;206;0;
135;2022.05.05 16:00;4;24.625;-200;-200;0;206;0;
136;2022.05.05 16:15;4;24.4375;-200;-200;0;206;0;
137;2022.05.05 16:30;4;24;-200;-200;0;206;0;
138;2022.05.05 16:45;4;23.625;-200;-200;0;206;0;
139;2022.05.05 17:00;4;23.3125;-200;-200;0;206;0;
140;2022.05.05 17:15;4;23.0625;-200;-200;0;206;0;
141;2022.05.05 17:30;4;22.8125;-200;-200;0;206;0;
142;2022.05.05 17:45;4;22.625;-200;-200;0;206;0;
143;2022.05.05 18:00;4;22.375;-200;-200;0;206;0;
144;2022.05.05 18:15;4;22.1875;-200;-200;0;206;0;
145;2022.05.05 18:30;4;22;-200;-200;0;206;0;
146;2022.05.05 18:45;4;21.875;-200;-200;0;206;0;
147;2022.05.05 19:00;4;21.75;-200;-200;0;206;0;
148;2022.05.05 19:15;4;21.625;-200;-200;0;206;0;
149;2022.05.05 19:30;4;21.5;-200;-200;0;206;0;
150;2022.05.05 19:45;4;21.3125;-200;-200;0;206;0;
151;2022.05.05 20:00;4;21.125;-200;-200;0;206;0;
152;2022.05.05 20:15;4;20.875;-200;-200;0;206;0;
153;2022.05.05 20:30;4;20.5625;-200;-200;0;206;0;
154;2022.05.05 20:45;4;20.25;-200;-200;0;206;0;
155;2022.05.05 21:00;4;19.9375;-200;-200;0;206;0;
156;2022.05.05 21:15;4;19.5625;-200;-200;0;206;0;
157;2022.05.05 21:30;4;19.1875;-200;-200;0;206;0;
158;2022.05.05 21:45;4;18.75;-200;-200;0;206;0;
159;2022.05.05 22:00;4;18.375;-200;-200;0;206;0;
160;2022.05.05 22:15;4;18;-200;-200;0;206;0;
161;2022.05.05 22:30;4;17.6875;-200;-200;0;206;0;
162;2022.05.05 22:45;4;17.375;-200;-200;0;206;0;
163;2022.05.05 23:00;4;17.0625;-200;-200;0;206;0;
164;2022.05.05 23:15;4;16.75;-200;-200;0;206;0;
165;2022.05.05 23:30;4;16.5;-200;-200;0;206;0;
166;2022.05.05 23:45;4;16.1875;-200;-200;0;206;0;
167;2022.05.06 00:00;4;15.9375;-200;-200;0;206;0;
168;2022.05.06 00:15;4;15.75;-200;-200;0;206;0;
169;2022.05.06 00:30;4;15.5;-200;-200;0;206;0;
170;2022.05.06 00:45;4;15.25;-200;-200;0;206;0;
171;2022.05.06 01:00;4;15;-200;-200;0;206;0;
172;2022.05.06 01:15;4;15;-200;-200;0;206;0;
173;2022.05.06 01:30;4;15;-200;-200;0;206;0;
174;2022.05.06 01:45;4;14.9375;-200;-200;0;206;0;
175;2022.05.06 02:00;4;14.875;-200;-200;0;206;0;
176;2022.05.06 02:15;4;14.6875;-200;-200;0;206;0;
177;2022.05.06 02:30;4;14.5;-200;-200;0;206;0;
178;2022.05.06 02:45;4;14.3125;-200;-200;0;206;0;
179;2022.05.06 03:00;4;14.125;-200;-200;0;206;0;
180;2022.05.06 03:15;4;13.9375;-200;-200;0;206;0;
181;2022.05.06 03:30;4;13.75;-200;-200;0;206;0;
182;2022.05.06 03:45;4;13.5625;-200;-200;0;206;0;
183;2022.05.06 04:00;4;13.375;-200;-200;0;206;0;
184;2022.05.06 04:15;4;13.1875;-200;-200;0;206;0;
185;2022.05.06 04:30;4;13;-200;-200;0;206;0;
186;2022.05.06 04:45;4;12.8125;-200;-200;0;206;0;
187;2022.05.06 05:00;4;12.625;-200;-200;0;206;0;
188;2022.05.06 05:15;4;12.5;-200;-200;0;206;0;
189;2022.05.06 05:30;4;12.3125;-200;-200;0;206;0;
190;2022.05.06 05:45;4;12.25;-200;-200;0;206;0;
191;2022.05.06 06:00;4;12.1875;-200;-200;0;206;0;
192;2022.05.06 06:15;4;12.125;-200;-200;0;206;0;
193;2022.05.06 06:30;4;12.0625;-200;-200;0;206;0;
194;2022.05.06 06:45;4;12.125;-200;-200;0;206;0;
195;2022.05.06 07:00;4;12.1875;-200;-200;0;206;0;
196;2022.05.06 07:15;4;12.375;-200;-200;0;206;0;
197;2022.05.06 07:30;4;12.6875;-200;-200;0;206;0;
198;2022.05.06 07:45;4;13;-200;-200;0;206;0;
199;2022.05.06 08:00;4;13.4375;-200;-200;0;206;0;
200;2022.05.06 08:15;4;13.9375;-200;-200;0;206;0;
201;2022.05.06 08:30;4;14.5;-200;-200;0;206;0;
202;2022.05.06 08:45;4;15.125;-200;-200;0;206;0;
203;2022.05.06 09:00;4;15.8125;-200;-200;0;206;0;
204;2022.05.06 09:15;4;16.5;-200;-200;0;206;0;
205;2022.05.06 09:30;4;17.1875;-200;-200;0;206;0;
206;2022.05.06 09:45;4;17.875;-200;-200;0;206;0;
207;2022.05.06 10:00;4;18.625;-200;-200;0;206;0;
208;2022.05.06 10:15;4;19.375;-200;-200;0;206;0;
209;2022.05.06 10:30;4;20.125;-200;-200;0;206;0;
210;2022.05.06 10:45;4;20.875;-200;-200;0;206;0;
211;2022.05.06 11:00;4;21.625;-200;-200;0;206;0;
212;2022.05.06 11:15;4;22.25;-200;-200;0;206;0;
213;2022.05.06 11:30;4;22.9375;-200;-200;0;206;0;
214;2022.05.06 11:45;4;23.625;-200;-200;0;206;0;
215;2022.05.06 12:00;4;24.25;-200;-200;0;206;0;
216;2022.05.06 12:15;4;24.875;-200;-200;0;206;0;
217;2022.05.06 12:30;4;25.375;-200;-200;0;206;0;
218;2022.05.06 12:45;4;25.9375;-200;-200;0;206;0;
219;2022.05.06 13:00;4;26.5;-200;-200;0;206;0;
220;2022.05.06 13:15;4;27.0625;-200;-200;0;206;0;
221;2022.05.06 13:30;4;27.6875;-200;-200;0;206;0;
222;2022.05.06 13:45;4;28.1875;-200;-200;0;206;0;
223;2022.05.06 14:00;4;28.6875;-200;-200;0;206;0;
224;2022.05.06 14:15;4;29.125;-200;-200;0;206;0;
225;2022.05.06 14:30;4;29.5625;-200;-200;0;206;0;
226;2022.05.06 14:45;4;29.9375;-200;-200;0;206;0;
227;2022.05.06 15:00;4;30.1875;-200;-200;0;206;0;
228;2022.05.06 15:15;4;30.375;-200;-200;0;206;0;
229;2022.05.06 15:30;4;30.5625;-200;-200;0;206;0;
230;2022.05.06 15:45;4;30.625;-200;-200;0;206;0;
231;2022.05.06 16:00;4;30.6875;-200;-200;0;206;0;
232;2022.05.06 16:15;4;30.6875;-200;-200;0;206;0;
233;2022.05.06 16:30;4;30.6875;-200;-200;0;206;0;
234;2022.05.06 16:45;4;30.6875;-200;-200;0;206;0;
235;2022.05.06 17:00;4;30.6875;-200;-200;0;206;0;
236;2022.05.06 17:15;4;30.625;-200;-200;0;206;0;
237;2022.05.06 17:30;4;30.5625;-200;-200;0;206;0;
238;2022.05.06 17:45;4;30.375;-200;-200;0;206;0;
239;2022.05.06 18:00;4;30.1875;-200;-200;0;206;0;
240;2022.05.06 18:15;4;29.875;-200;-200;0;206;0;
241;2022.05.06 18:30;4;29.5625;-200;-200;0;206;0;
242;2022.05.06 18:45;4;29.25;-200;-200;0;206;0;
243;2022.05.06 19:00;4;28.9375;-200;-200;0;206;0;
244;2022.05.06 19:15;4;28.5625;-200;-200;0;206;0;
245;2022.05.06 19:30;4;28.125;-200;-200;0;206;0;
246;2022.05.06 19:45;4;27.875;-200;-200;0;206;0;
247;2022.05.06 20:00;4;27.5625;-200;-200;0;206;0;
248;2022.05.06 20:15;4;27.3125;-200;-200;0;206;0;
249;2022.05.06 20:30;4;27;-200;-200;0;206;0;
250;2022.05.06 20:45;4;26.6875;-200;-200;0;206;0;
251;2022.05.06 21:00;4;26.375;-200;-200;0;206;0;
252;2022.05.06 21:15;4;26.0625;-200;-200;0;206;0;
253;2022.05.06 21:30;4;25.6875;-200;-200;0;206;0;
254;2022.05.06 21:45;4;25.375;-200;-200;0;206;0;
255;2022.05.06 22:00;4;25.0625;-200;-200;0;206;0;
256;2022.05.06 22:15;4;24.6875;-200;-200;0;206;0;
257;2022.05.06 22:30;4;24.375;-200;-200;0;206;0;
258;2022.05.06 22:45;4;24;-200;-200;0;206;0;
259;2022.05.06 23:00;4;23.6875;-200;-200;0;206;0;
260;2022.05.06 23:15;4;23.375;-200;-200;0;206;0;
261;2022.05.06 23:30;4;23.0625;-200;-200;0;206;0;
262;2022.05.06 23:45;4;22.75;-200;-200;0;206;0;
263;2022.05.07 00:00;4;22.4375;-200;-200;0;206;0;
264;2022.05.07 00:15;4;22.125;-200;-200;0;206;0;
265;2022.05.07 00:30;4;21.8125;-200;-200;0;206;0;
266;2022.05.07 00:45;4;21.5625;-200;-200;0;206;0;
267;2022.05.07 01:00;4;21.3125;-200;-200;0;206;0;
268;2022.05.07 01:15;4;21.0625;-200;-200;0;206;0;
269;2022.05.07 01:30;4;20.8125;-200;-200;0;206;0;
270;2022.05.07 01:45;4;20.625;-200;-200;0;206;0;
271;2022.05.07 02:00;4;20.4375;-200;-200;0;206;0;
272;2022.05.07 02:15;4;20.25;-200;-200;0;206;0;
273;2022.05.07 02:30;4;20.0625;-200;-200;0;206;0;
274;2022.05.07 02:45;4;19.9375;-200;-200;0;206;0;
275;2022.05.07 03:00;4;19.8125;-200;-200;0;206;0;
276;2022.05.07 03:15;4;19.6875;-200;-200;0;206;0;
277;2022.05.07 03:30;4;19.5;-200;-200;0;206;0;
278;2022.05.07 03:45;4;19.375;-200;-200;0;206;0;
279;2022.05.07 04:00;4;19.25;-200;-200;0;206;0;
280;2022.05.07 04:15;4;19.1875;-200;-200;0;206;0;
281;2022.05.07 04:30;4;19.0625;-200;-200;0;206;0;
282;2022.05.07 04:45;4;18.9375;-200;-200;0;206;0;
283;2022.05.07 05:00;4;18.8125;-200;-200;0;206;0;
284;2022.05.07 05:15;4;18.6875;-200;-200;0;206;0;
285;2022.05.07 05:30;4;18.5;-200;-200;0;206;0;
286;2022.05.07 05:45;4;18.375;-200;-200;0;206;0;
287;2022.05.07 06:00;4;18.1875;-200;-200;0;206;0;
288;2022.05.07 06:15;4;18;-200;-200;0;206;0;
289;2022.05.07 06:30;4;17.875;-200;-200;0;206;0;
290;2022.05.07 06:45;4;17.6875;-200;-200;0;206;0;
291;2022.05.07 07:00;4;17.5;-200;-200;0;206;0;
292;2022.05.07 07:15;4;17.25;-200;-200;0;206;0;
293;2022.05.07 07:30;4;17.0625;-200;-200;0;206;0;
294;2022.05.07 07:45;4;16.875;-200;-200;0;206;0;
295;2022.05.07 08:00;4;16.6875;-200;-200;0;206;0;
296;2022.05.07 08:15;4;16.5;-200;-200;0;206;0;
297;2022.05.07 08:30;4;16.3125;-200;-200;0;206;0;
298;2022.05.07 08:45;4;16.125;-200;-200;0;206;0;
299;2022.05.07 09:00;4;16;-200;-200;0;206;0;
300;2022.05.07 09:15;4;15.8125;-200;-200;0;206;0;
301;2022.05.07 09:30;4;15.625;-200;-200;0;206;0;
302;2022.05.07 09:45;4;15.4375;-200;-200;0;206;0;
303;2022.05.07 10:00;4;15.3125;-200;-200;0;206;0;
304;2022.05.07 10:15;4;15.125;-200;-200;0;206;0;
305;2022.05.07 10:30;4;14.9375;-200;-200;0;206;0;
306;2022.05.07 10:45;4;14.8125;-200;-200;0;206;0;
307;2022.05.07 11:00;4;14.75;-200;-200;0;206;0;
308;2022.05.07 11:15;4;14.625;-200;-200;0;206;0;
309;2022.05.07 11:30;4;14.5;-200;-200;0;206;0;
310;2022.05.07 11:45;4;14.375;-200;-200;0;206;0;
311;2022.05.07 12:00;4;14.3125;-200;-200;0;206;0;
312;2022.05.07 12:15;4;14.25;-200;-200;0;206;0;
313;2022.05.07 12:30;4;14.1875;-200;-200;0;206;0;
314;2022.05.07 12:45;4;14.125;-200;-200;0;206;0;
315;2022.05.07 13:00;4;14.0625;-200;-200;0;206;0;
316;2022.05.07 13:15;4;14;-200;-200;0;206;0;
317;2022.05.07 13:30;4;13.9375;-200;-200;0;206;0;
318;2022.05.07 13:45;4;14.0625;-200;-200;0;206;0;
319;2022.05.07 14:00;4;14.25;-200;-200;0;206;0;
320;2022.05.07 14:15;4;15.125;-200;-200;0;206;0;
321;2022.05.07 14:30;4;15.625;-200;-200;0;206;0;
322;2022.05.07 14:45;4;15.9375;-200;-200;0;206;0;
323;2022.05.07 15:00;4;16.25;-200;-200;0;206;0;
324;2022.05.07 15:15;4;16.5;-200;-200;0;206;0;
325;2022.05.07 15:30;4;16.75;-200;-200;0;206;0;
326;2022.05.07 15:45;4;16.9375;-200;-200;0;206;0;
327;2022.05.07 16:00;4;17.125;-200;-200;0;206;0;
328;2022.05.07 16:15;4;17.25;-200;-200;0;206;0;
329;2022.05.07 16:30;4;17.4375;-200;-200;0;206;0;
330;2022.05.07 16:45;4;17.5625;-200;-200;0;206;0;
331;2022.05.07 17:00;4;17.75;-200;-200;0;206;0;
332;2022.05.07 17:15;4;17.875;-200;-200;0;206;0;
333;2022.05.07 17:30;4;18;-200;-200;0;206;0;
334;2022.05.07 17:45;4;18.1875;-200;-200;0;206;0;
335;2022.05.07 18:00;4;18.375;-200;-200;0;206;0;
336;2022.05.07 18:15;4;18.5;-200;-200;0;206;0;
337;2022.05.07 18:30;4;18.625;-200;-200;0;206;0;
338;2022.05.07 18:45;4;18.75;-200;-200;0;206;0;
339;2022.05.07 19:00;4;18.875;-200;-200;0;206;0;
340;2022.05.07 19:15;4;19.0625;-200;-200;0;206;0;
341;2022.05.07 19:30;4;19.1875;-200;-200;0;206;0;
342;2022.05.07 19:45;4;19.375;-200;-200;0;206;0;
343;2022.05.07 20:00;4;19.5;-200;-200;0;206;0;
344;2022.05.07 20:15;4;19.6875;-200;-200;0;206;0;
345;2022.05.07 20:30;4;19.75;-200;-200;0;206;0;
346;2022.05.07 20:45;4;19.875;-200;-200;0;206;0;
347;2022.05.07 21:00;4;19.9375;-200;-200;0;206;0;
348;2022.05.07 21:15;4;19.9375;-200;-200;0;206;0;
349;2022.05.07 21:30;4;20;-200;-200;0;206;0;
350;2022.05.07 21:45;4;20;-200;-200;0;206;0;
351;2022.05.07 22:00;4;20.0625;-200;-200;0;206;0;
352;2022.05.07 22:15;4;20.125;-200;-200;0;206;0;
353;2022.05.07 22:30;4;20.1875;-200;-200;0;206;0;
354;2022.05.07 22:45;4;20.1875;-200;-200;0;206;0;
355;2022.05.07 23:00;4;20.25;-200;-200;0;206;0;
356;2022.05.07 23:15;4;20.25;-200;-200;0;206;0;
357;2022.05.07 23:30;4;20.1875;-200;-200;0;206;0;
358;2022.05.07 23:45;4;20.1875;-200;-200;0;206;0;
359;2022.05.08 00:00;4;20.125;-200;-200;0;206;0;
360;2022.05.08 00:15;4;20.0625;-200;-200;0;206;0;
361;2022.05.08 00:30;4;20;-200;-200;0;206;0;
362;2022.05.08 00:45;4;19.9375;-200;-200;0;206;0;
363;2022.05.08 01:00;4;19.9375;-200;-200;0;206;0;
364;2022.05.08 01:15;4;19.875;-200;-200;0;206;0;
365;2022.05.08 01:30;4;19.8125;-200;-200;0;206;0;
366;2022.05.08 01:45;4;19.75;-200;-200;0;206;0;
367;2022.05.08 02:00;4;19.75;-200;-200;0;206;0;
368;2022.05.08 02:15;4;19.6875;-200;-200;0;206;0;
369;2022.05.08 02:30;4;19.6875;-200;-200;0;206;0;
370;2022.05.08 02:45;4;19.625;-200;-200;0;206;0;
371;2022.05.08 03:00;4;19.625;-200;-200;0;206;0;
372;2022.05.08 03:15;4;19.5625;-200;-200;0;206;0;
373;2022.05.08 03:30;4;19.5625;-200;-200;0;206;0;
374;2022.05.08 03:45;4;19.5625;-200;-200;0;206;0;
375;2022.05.08 04:00;4;19.5;-200;-200;0;206;0;
376;2022.05.08 04:15;4;19.5;-200;-200;0;206;0;
377;2022.05.08 04:30;4;19.5;-200;-200;0;206;0;
378;2022.05.08 04:45;4;19.4375;-200;-200;0;206;0;
379;2022.05.08 05:00;4;19.4375;-200;-200;0;206;0;
380;2022.05.08 05:15;4;19.4375;-200;-200;0;206;0;
381;2022.05.08 05:30;4;19.375;-200;-200;0;206;0;
382;2022.05.08 05:45;4;19.375;-200;-200;0;206;0;
383;2022.05.08 06:00;4;19.375;-200;-200;0;206;0;
384;2022.05.08 06:15;4;19.375;-200;-200;0;206;0;
385;2022.05.08 06:30;4;19.3125;-200;-200;0;206;0;
386;2022.05.08 06:45;4;19.3125;-200;-200;0;206;0;
387;2022.05.08 07:00;4;19.3125;-200;-200;0;206;0;
388;2022.05.08 07:15;4;19.25;-200;-200;0;206;0;
389;2022.05.08 07:30;4;19.25;-200;-200;0;206;0;
390;2022.05.08 07:45;4;19.1875;-200;-200;0;206;0;
391;2022.05.08 08:00;4;19.1875;-200;-200;0;206;0;
392;2022.05.08 08:15;4;19.0625;-200;-200;0;206;0;
393;2022.05.08 08:30;4;19;-200;-200;0;206;0;
394;2022.05.08 08:45;4;18.875;-200;-200;0;206;0;
395;2022.05.08 09:00;4;18.75;-200;-200;0;206;0;
396;2022.05.08 09:15;4;18.6875;-200;-200;0;206;0;
397;2022.05.08 09:30;4;18.5625;-200;-200;0;206;0;
398;2022.05.08 09:45;4;18.5;-200;-200;0;206;0;
399;2022.05.08 10:00;4;18.375;-200;-200;0;206;0;
400;2022.05.08 10:15;4;18.25;-200;-200;0;206;0;
401;2022.05.08 10:30;4;18.1875;-200;-200;0;206;0;
402;2022.05.08 10:45;4;18;-200;-200;0;206;0;
403;2022.05.08 11:00;4;17.9375;-200;-200;0;206;0;
404;2022.05.08 11:15;4;17.8125;-200;-200;0;206;0;
405;2022.05.08 11:30;4;17.75;-200;-200;0;206;0;
406;2022.05.08 11:45;4;17.625;-200;-200;0;206;0;
407;2022.05.08 12:00;4;17.5;-200;-200;0;206;0;
408;2022.05.08 12:15;4;17.4375;-200;-200;0;206;0;
409;2022.05.08 12:30;4;17.375;-200;-200;0;206;0;
410;2022.05.08 12:45;4;17.3125;-200;-200;0;206;0;
411;2022.05.08 13:00;4;17.25;-200;-200;0;206;0;
412;2022.05.08 13:15;4;17.1875;-200;-200;0;206;0;
413;2022.05.08 13:30;4;17.1875;-200;-200;0;206;0;
414;2022.05.08 13:45;4;17.0625;-200;-200;0;206;0;
415;2022.05.08 14:00;4;17.0625;-200;-200;0;206;0;
416;2022.05.08 14:15;4;17.0625;-200;-200;0;206;0;
417;2022.05.08 14:30;4;17;-200;-200;0;206;0;
418;2022.05.08 14:45;4;16.9375;-200;-200;0;206;0;
419;2022.05.08 15:00;4;16.9375;-200;-200;0;206;0;
420;2022.05.08 15:15;4;16.875;-200;-200;0;206;0;
421;2022.05.08 15:30;4;16.875;-200;-200;0;206;0;
422;2022.05.08 15:45;4;16.875;-200;-200;0;206;0;
423;2022.05.08 16:00;4;16.8125;-200;-200;0;206;0;
424;2022.05.08 16:15;4;16.8125;-200;-200;0;206;0;
425;2022.05.08 16:30;4;16.8125;-200;-200;0;206;0;
426;2022.05.08 16:45;4;16.8125;-200;-200;0;206;0;
427;2022.05.08 17:00;4;16.75;-200;-200;0;206;0;
428;2022.05.08 17:15;4;16.75;-200;-200;0;206;0;
429;2022.05.08 17:30;4;16.75;-200;-200;0;206;0;
430;2022.05.08 17:45;4;16.75;-200;-200;0;206;0;
431;2022.05.08 18:00;4;16.75;-200;-200;0;206;0;
432;2022.05.08 18:15;4;16.75;-200;-200;0;206;0;
433;2022.05.08 18:30;4;16.75;-200;-200;0;206;0;
434;2022.05.08 18:45;4;16.75;-200;-200;0;206;0;
435;2022.05.08 19:00;4;16.75;-200;-200;0;206;0;
436;2022.05.08 19:15;4;16.75;-200;-200;0;206;0;
437;2022.05.08 19:30;4;16.75;-200;-200;0;206;0;
438;2022.05.08 19:45;4;16.75;-200;-200;0;206;0;
439;2022.05.08 20:00;4;16.75;-200;-200;0;206;0;
440;2022.05.08 20:15;4;16.8125;-200;-200;0;206;0;
441;2022.05.08 20:30;4;16.75;-200;-200;0;206;0;
442;2022.05.08 20:45;4;16.8125;-200;-200;0;206;0;
443;2022.05.08 21:00;4;16.8125;-200;-200;0;206;0;
444;2022.05.08 21:15;4;16.8125;-200;-200;0;206;0;
445;2022.05.08 21:30;4;16.8125;-200;-200;0;206;0;
446;2022.05.08 21:45;4;16.8125;-200;-200;0;206;0;
447;2022.05.08 22:00;4;16.8125;-200;-200;0;206;0;
448;2022.05.08 22:15;4;16.875;-200;-200;0;206;0;
449;2022.05.08 22:30;4;16.875;-200;-200;0;206;0;
450;2022.05.08 22:45;4;16.875;-200;-200;0;206;0;
451;2022.05.08 23:00;4;16.875;-200;-200;0;206;0;
452;2022.05.08 23:15;4;16.875;-200;-200;0;206;0;
453;2022.05.08 23:30;4;16.875;-200;-200;0;206;0;
454;2022.05.08 23:45;4;16.9375;-200;-200;0;206;0;
455;2022.05.09 00:00;4;16.9375;-200;-200;0;206;0;
456;2022.05.09 00:15;4;16.9375;-200;-200;0;206;0;
457;2022.05.09 00:30;4;16.9375;-200;-200;0;206;0;
458;2022.05.09 00:45;4;17;-200;-200;0;206;0;
459;2022.05.09 01:00;4;17;-200;-200;0;206;0;
460;2022.05.09 01:15;4;17;-200;-200;0;206;0;
461;2022.05.09 01:30;4;17;-200;-200;0;206;0;
462;2022.05.09 01:45;4;17;-200;-200;0;206;0;
463;2022.05.09 02:00;4;17.0625;-200;-200;0;206;0;
464;2022.05.09 02:15;4;17.0625;-200;-200;0;206;0;
465;2022.05.09 02:30;4;17.0625;-200;-200;0;206;0;
466;2022.05.09 02:45;4;17.0625;-200;-200;0;206;0;
467;2022.05.09 03:00;4;17.0625;-200;-200;0;206;0;
468;2022.05.09 03:15;4;17.125;-200;-200;0;206;0;
469;2022.05.09 03:30;4;17.125;-200;-200;0;206;0;
470;2022.05.09 03:45;4;17.125;-200;-200;0;206;0;
471;2022.05.09 04:00;4;17.125;-200;-200;0;206;0;
472;2022.05.09 04:15;4;17.1875;-200;-200;0;206;0;
473;2022.05.09 04:30;4;17.125;-200;-200;0;206;0;
474;2022.05.09 04:45;4;17.1875;-200;-200;0;206;0;
475;2022.05.09 05:00;4;17.1875;-200;-200;0;206;0;
476;2022.05.09 05:15;4;17.1875;-200;-200;0;206;0;
477;2022.05.09 05:30;4;17.25;-200;-200;0;206;0;
478;2022.05.09 05:45;4;17.25;-200;-200;0;206;0;
479;2022.05.09 06:00;4;17.25;-200;-200;0;206;0;
480;2022.05.09 06:15;4;17.25;-200;-200;0;206;0;
481;2022.05.09 06:30;4;17.3125;-200;-200;0;206;0;
482;2022.05.09 06:45;4;17.25;-200;-200;0;206;0;
483;2022.05.09 07:00;4;17.3125;-200;-200;0;206;0;
484;2022.05.09 07:15;4;17.375;-200;-200;0;206;0;
485;2022.05.09 07:30;4;17.25;-200;-200;0;206;0;
486;2022.05.09 07:45;4;17.125;-200;-200;0;206;0;
487;2022.05.09 08:00;4;16.9375;-200;-200;0;206;0;
488;2022.05.09 08:15;4;16.75;-200;-200;0;206;0;
489;2022.05.09 08:30;4;16.5;-200;-200;0;206;0;
490;2022.05.09 08:45;4;16.3125;-200;-200;0;206;0;
491;2022.05.09 09:00;4;16.125;-200;-200;0;206;0;
492;2022.05.09 09:15;4;15.875;-200;-200;0;206;0;
493;2022.05.09 09:30;4;15.625;-200;-200;0;206;0;
494;2022.05.09 09:45;4;15.4375;-200;-200;0;206;0;
495;2022.05.09 10:00;4;15.1875;-200;-200;0;206;0;
496;2022.05.09 10:15;4;14.875;-200;-200;0;206;0;
497;2022.05.09 10:30;4;14.625;-200;-200;0;206;0;
498;2022.05.09 10:45;4;14.4375;-200;-200;0;206;0;
499;2022.05.09 11:00;4;14.25;-200;-200;0;206;0;
500;2022.05.09 11:15;4;14.4375;-200;-200;0;206;0;
501;2022.05.09 11:30;4;14.5625;-200;-200;0;206;0;
502;2022.05.09 11:45;4;14.6875;-200;-200;0;206;0;
503;2022.05.09 12:00;4;14.8125;-200;-200;0;206;0;
504;2022.05.09 12:15;4;14.875;-200;-200;0;206;0;
505;2022.05.09 12:30;4;14.9375;-200;-200;0;206;0;
506;2022.05.09 12:45;4;14.9375;-200;-200;0;206;0;
507;2022.05.09 13:00;4;14.9375;-200;-200;0;206;0;
508;2022.05.09 13:15;4;14.875;-200;-200;0;206;0;
509;2022.05.09 13:30;4;14.875;-200;-200;0;206;0;
510;2022.05.09 13:45;4;14.875;-200;-200;0;206;0;
511;2022.05.09 14:00;4;14.9375;-200;-200;0;206;0;
512;2022.05.09 14:15;4;15;-200;-200;0;206;0;
513;2022.05.09 14:30;4;15.125;-200;-200;0;206;0;
514;2022.05.09 14:45;4;15.3125;-200;-200;0;206;0;
515;2022.05.09 15:00;4;15.8125;-200;-200;0;206;0;
516;2022.05.09 15:15;4;16.5;-200;-200;0;206;0;
517;2022.05.09 15:30;4;17.125;-200;-200;0;206;0;
518;2022.05.09 15:45;4;17.6875;-200;-200;0;206;0;
519;2022.05.09 16:00;4;18.1875;-200;-200;0;206;0;
520;2022.05.09 16:15;4;18.6875;-200;-200;0;206;0;
521;2022.05.09 16:30;4;19.125;-200;-200;0;206;0;
522;2022.05.09 16:45;4;19.5;-200;-200;0;206;0;
523;2022.05.09 17:00;4;19.875;-200;-200;0;206;0;
524;2022.05.09 17:15;4;20.1875;-200;-200;0;206;0;
525;2022.05.09 17:30;4;20.5;-200;-200;0;206;0;
526;2022.05.09 17:45;4;20.75;-200;-200;0;206;0;
527;2022.05.09 18:00;4;20.9375;-200;-200;0;206;0;
528;2022.05.09 18:15;4;21.1875;-200;-200;0;206;0;
529;2022.05.09 18:30;4;21.375;-200;-200;0;206;0;
530;2022.05.09 18:45;4;21.5;-200;-200;0;206;0;
531;2022.05.09 19:00;4;21.6875;-200;-200;0;206;0;
532;2022.05.09 19:15;4;21.8125;-200;-200;0;206;0;
533;2022.05.09 19:30;4;21.9375;-200;-200;0;206;0;
534;2022.05.09 19:45;4;22.0625;-200;-200;0;206;0;
535;2022.05.09 20:00;4;22.25;-200;-200;0;206;0;
536;2022.05.09 20:15;4;22.375;-200;-200;0;206;0;
537;2022.05.09 20:30;4;22.5;-200;-200;0;206;0;
538;2022.05.09 20:45;4;22.625;-200;-200;0;206;0;
539;2022.05.09 21:00;4;22.75;-200;-200;0;206;0;
540;2022.05.09 21:15;4;22.875;-200;-200;0;206;0;
541;2022.05.09 21:30;4;23;-200;-200;0;206;0;
542;2022.05.09 21:45;4;23.125;-200;-200;0;206;0;
543;2022.05.09 22:00;4;23.1875;-200;-200;0;206;0;
544;2022.05.09 22:15;4;23.3125;-200;-200;0;206;0;
545;2022.05.09 22:30;4;23.4375;-200;-200;0;206;0;
546;2022.05.09 22:45;4;23.5625;-200;-200;0;206;0;
547;2022.05.09 23:00;4;23.625;-200;-200;0;206;0;
548;2022.05.09 23:15;4;23.75;-200;-200;0;206;0;
549;2022.05.09 23:30;4;23.8125;-200;-200;0;206;0;
550;2022.05.09 23:45;4;23.875;-200;-200;0;206;0;
551;2022.05.10 00:00;4;23.875;-200;-200;0;206;0;
552;2022.05.10 00:15;4;23.9375;-200;-200;0;206;0;
553;2022.05.10 00:30;4;24;-200;-200;0;206;0;
554;2022.05.10 00:45;4;24;-200;-200;0;206;0;
555;2022.05.10 01:00;4;24.0625;-200;-200;0;206;0;
556;2022.05.10 01:15;4;24.125;-200;-200;0;206;0;
557;2022.05.10 01:30;4;24.125;-200;-200;0;206;0;
558;2022.05.10 01:45;4;24.125;-200;-200;0;206;0;
559;2022.05.10 02:00;4;24.125;-200;-200;0;206;0;
560;2022.05.10 02:15;4;24.125;-200;-200;0;206;0;
561;2022.05.10 02:30;4;24.125;-200;-200;0;206;0;
562;2022.05.10 02:45;4;24.125;-200;-200;0;206;0;
563;2022.05.10 03:00;4;24.125;-200;-200;0;206;0;
564;2022.05.10 03:15;4;24.0625;-200;-200;0;206;0;
565;2022.05.10 03:30;4;24.0625;-200;-200;0;206;0;
566;2022.05.10 03:45;4;24;-200;-200;0;206;0;
567;2022.05.10 04:00;4;24;-200;-200;0;206;0;
568;2022.05.10 04:15;4;23.9375;-200;-200;0;206;0;
569;2022.05.10 04:30;4;23.9375;-200;-200;0;206;0;
570;2022.05.10 04:45;4;23.875;-200;-200;0;206;0;
571;2022.05.10 05:00;4;23.8125;-200;-200;0;206;0;
572;2022.05.10 05:15;4;23.8125;-200;-200;0;206;0;
573;2022.05.10 05:30;4;23.75;-200;-200;0;206;0;
574;2022.05.10 05:45;4;23.6875;-200;-200;0;206;0;
575;2022.05.10 06:00;4;23.625;-200;-200;0;206;0;
576;2022.05.10 06:15;4;23.5625;-200;-200;0;206;0;
577;2022.05.10 06:30;4;23.4375;-200;-200;0;206;0;
578;2022.05.10 06:45;4;23.4375;-200;-200;0;206;0;
579;2022.05.10 07:00;4;23.3125;-200;-200;0;206;0;
580;2022.05.10 07:15;4;23.25;-200;-200;0;206;0;
581;2022.05.10 07:30;4;23.1875;-200;-200;0;206;0;
582;2022.05.10 07:45;4;23.0625;-200;-200;0;206;0;
583;2022.05.10 08:00;4;23;-200;-200;0;206;0;
584;2022.05.10 08:15;4;22.9375;-200;-200;0;206;0;
585;2022.05.10 08:30;4;22.8125;-200;-200;0;206;0;
586;2022.05.10 08:45;4;22.75;-200;-200;0;206;0;
587;2022.05.10 09:00;4;22.6875;-200;-200;0;206;0;
588;2022.05.10 09:15;4;22.5625;-200;-200;0;206;0;
589;2022.05.10 09:30;4;22.5;-200;-200;0;206;0;
590;2022.05.10 09:45;4;22.4375;-200;-200;0;206;0;
591;2022.05.10 10:00;4;22.4375;-200;-200;0;206;0;
592;2022.05.10 10:15;4;22.4375;-200;-200;0;206;0;
593;2022.05.10 10:30;4;22.4375;-200;-200;0;206;0;
594;2022.05.10 10:45;4;22.4375;-200;-200;0;206;0;
595;2022.05.10 11:00;4;22.4375;-200;-200;0;206;0;
596;2022.05.10 11:15;4;22.5;-200;-200;0;206;0;
597;2022.05.10 11:30;4;22.5;-200;-200;0;206;0;
598;2022.05.10 11:45;4;22.5625;-200;-200;0;206;0;
599;2022.05.10 12:00;4;22.5625;-200;-200;0;206;0;
600;2022.05.10 12:15;4;22.625;-200;-200;0;206;0;
601;2022.05.10 12:30;4;22.6875;-200;-200;0;206;0;
602;2022.05.10 12:45;4;22.6875;-200;-200;0;206;0;
603;2022.05.10 13:00;4;22.75;-200;-200;0;206;0;
604;2022.05.10 13:15;4;22.8125;-200;-200;0;206;0;
605;2022.05.10 13:30;4;22.875;-200;-200;0;206;0;
606;2022.05.10 13:45;4;22.875;-200;-200;0;206;0;
607;2022.05.10 14:00;4;22.9375;-200;-200;0;206;0;
608;2022.05.10 14:15;4;22.9375;-200;-200;0;206;0;
609;2022.05.10 14:30;4;22.875;-200;-200;0;206;0;
610;2022.05.10 14:45;4;22.8125;-200;-200;0;206;0;
611;2022.05.10 15:00;4;22.75;-200;-200;0;206;0;
612;2022.05.10 15:15;4;22.6875;-200;-200;0;206;0;
613;2022.05.10 15:30;4;22.6875;-200;-200;0;206;0;
614;2022.05.10 15:45;4;22.625;-200;-200;0;206;0;
615;2022.05.10 16:00;4;22.5625;-200;-200;0;206;0;
616;2022.05.10 16:15;4;22.5625;-200;-200;0;206;0;
617;2022.05.10 16:30;4;22.5;-200;-200;0;206;0;
618;2022.05.10 16:45;4;22.5;-200;-200;0;206;0;
619;2022.05.10 17:00;4;22.4375;-200;-200;0;206;0;
620;2022.05.10 17:15;4;22.4375;-200;-200;0;206;0;
621;2022.05.10 17:30;4;22.4375;-200;-200;0;206;0;
622;2022.05.10 17:45;4;22.375;-200;-200;0;206;0;
623;2022.05.10 18:00;4;22.375;-200;-200;0;206;0;
624;2022.05.10 18:15;4;22.375;-200;-200;0;206;0;
625;2022.05.10 18:30;4;22.375;-200;-200;0;206;0;
626;2022.05.10 18:45;4;22.375;-200;-200;0;206;0;
627;2022.05.10 19:00;4;22.3125;-200;-200;0;206;0;
628;2022.05.10 19:15;4;22.375;-200;-200;0;206;0;
629;2022.05.10 19:30;4;22.375;-200;-200;0;206;0;
630;2022.05.10 19:45;4;22.375;-200;-200;0;206;0;
631;2022.05.10 20:00;4;22.375;-200;-200;0;206;0;
632;2022.05.10 20:15;4;22.4375;-200;-200;0;206;0;
633;2022.05.10 20:30;4;22.5;-200;-200;0;206;0;
634;2022.05.10 20:45;4;22.5625;-200;-200;0;206;0;
635;2022.05.10 21:00;4;22.625;-200;-200;0;206;0;
636;2022.05.10 21:15;4;22.6875;-200;-200;0;206;0;
637;2022.05.10 21:30;4;22.75;-200;-200;0;206;0;
638;2022.05.10 21:45;4;22.875;-200;-200;0;206;0;
639;2022.05.10 22:00;4;22.9375;-200;-200;0;206;0;
640;2022.05.10 22:15;4;23;-200;-200;0;206;0;
641;2022.05.10 22:30;4;23.0625;-200;-200;0;206;0;
642;2022.05.10 22:45;4;23.125;-200;-200;0;206;0;
643;2022.05.10 23:00;4;23.25;-200;-200;0;206;0;
644;2022.05.10 23:15;4;23.25;-200;-200;0;206;0;
645;2022.05.10 23:30;4;23.3125;-200;-200;0;206;0;
646;2022.05.10 23:45;4;23.375;-200;-200;0;206;0;
647;2022.05.11 00:00;4;23.375;-200;-200;0;206;0;
648;2022.05.11 00:15;4;23.375;-200;-200;0;206;0;
649;2022.05.11 00:30;4;23.4375;-200;-200;0;206;0;
650;2022.05.11 00:45;4;23.4375;-200;-200;0;206;0;
651;2022.05.11 01:00;4;23.5;-200;-200;0;206;0;
652;2022.05.11 01:15;4;23.5;-200;-200;0;206;0;
653;2022.05.11 01:30;4;23.5;-200;-200;0;206;0;
654;2022.05.11 01:45;4;23.5;-200;-200;0;206;0;
655;2022.05.11 02:00;4;23.4375;-200;-200;0;206;0;
656;2022.05.11 02:15;4;23.4375;-200;-200;0;206;0;
657;2022.05.11 02:30;4;23.4375;-200;-200;0;206;0;
658;2022.05.11 02:45;4;23.4375;-200;-200;0;206;0;
659;2022.05.11 03:00;4;23.4375;-200;-200;0;206;0;
660;2022.05.11 03:15;4;23.375;-200;-200;0;206;0;
661;2022.05.11 03:30;4;23.375;-200;-200;0;206;0;
662;2022.05.11 03:45;4;23.3125;-200;-200;0;206;0;
663;2022.05.11 04:00;4;23.3125;-200;-200;0;206;0;
664;2022.05.11 04:15;4;23.25;-200;-200;0;206;0;
665;2022.05.11 04:30;4;23.25;-200;-200;0;206;0;
666;2022.05.11 04:45;4;23.1875;-200;-200;0;206;0;
667;2022.05.11 05:00;4;23.1875;-200;-200;0;206;0;
668;2022.05.11 05:15;4;23.125;-200;-200;0;206;0;
669;2022.05.11 05:30;4;23.0625;-200;-200;0;206;0;
670;2022.05.11 05:45;4;23;-200;-200;0;206;0;
671;2022.05.11 06:00;4;22.9375;-200;-200;0;206;0;
672;2022.05.11 06:15;4;22.9375;-200;-200;0;206;0;
673;2022.05.11 06:30;4;22.875;-200;-200;0;206;0;
674;2022.05.11 06:45;4;22.75;-200;-200;0;206;0;
675;2022.05.11 07:00;4;22.75;-200;-200;0;206;0;
676;2022.05.11 07:15;4;22.625;-200;-200;0;206;0;
677;2022.05.11 07:30;4;22.625;-200;-200;0;206;0;
678;2022.05.11 07:45;4;22.5;-200;-200;0;206;0;
679;2022.05.11 08:00;4;22.4375;-200;-200;0;206;0;
680;2022.05.11 08:15;4;22.375;-200;-200;0;206;0;
681;2022.05.11 08:30;4;22.3125;-200;-200;0;206;0;
682;2022.05.11 08:45;4;22.1875;-200;-200;0;206;0;
683;2022.05.11 09:00;4;22.125;-200;-200;0;206;0;
684;2022.05.11 09:15;4;22.0625;-200;-200;0;206;0;
685;2022.05.11 09:30;4;22;-200;-200;0;206;0;
686;2022.05.11 09:45;4;21.875;-200;-200;0;206;0;
687;2022.05.11 10:00;4;21.875;-200;-200;0;206;0;
688;2022.05.11 10:15;4;21.8125;-200;-200;0;206;0;
689;2022.05.11 10:30;4;21.75;-200;-200;0;206;0;
690;2022.05.11 10:45;4;21.75;-200;-200;0;206;0;
691;2022.05.11 11:00;4;21.75;-200;-200;0;206;0;
692;2022.05.11 11:15;4;21.75;-200;-200;0;206;0;
693;2022.05.11 11:30;4;21.75;-200;-200;0;206;0;
694;2022.05.11 11:45;4;21.75;-200;-200;0;206;0;
695;2022.05.11 12:00;4;21.8125;-200;-200;0;206;0;
696;2022.05.11 12:15;4;21.8125;-200;-200;0;206;0;
697;2022.05.11 12:30;4;21.875;-200;-200;0;206;0;
698;2022.05.11 12:45;4;21.875;-200;-200;0;206;0;
699;2022.05.11 13:00;4;21.9375;-200;-200;0;206;0;
700;2022.05.11 13:15;4;22;-200;-200;0;206;0;
701;2022.05.11 13:30;4;22;-200;-200;0;206;0;
702;2022.05.11 13:45;4;22.0625;-200;-200;0;206;0;
703;2022.05.11 14:00;4;22.0625;-200;-200;0;206;0;
704;2022.05.11 14:15;4;22.125;-200;-200;0;206;0;
705;2022.05.11 14:30;4;22.125;-200;-200;0;206;0;
706;2022.05.11 14:45;4;22.1875;-200;-200;0;206;0;
707;2022.05.11 15:00;4;22.1875;-200;-200;0;206;0;
708;2022.05.11 15:15;4;22.25;-200;-200;0;206;0;
709;2022.05.11 15:30;4;22.25;-200;-200;0;206;0;
710;2022.05.11 15:45;4;22.25;-200;-200;0;206;0;
711;2022.05.11 16:00;4;22.25;-200;-200;0;206;0;
712;2022.05.11 16:15;4;22.3125;-200;-200;0;206;0;
713;2022.05.11 16:30;4;22.3125;-200;-200;0;206;0;
714;2022.05.11 16:45;4;22.3125;-200;-200;0;206;0;
715;2022.05.11 17:00;4;22.3125;-200;-200;0;206;0;
716;2022.05.11 17:15;4;22.375;-200;-200;0;206;0;
717;2022.05.11 17:30;4;22.375;-200;-200;0;206;0;
718;2022.05.11 17:45;4;22.4375;-200;-200;0;206;0;
719;2022.05.11 18:00;4;22.4375;-200;-200;0;206;0;
720;2022.05.11 18:15;4;22.5;-200;-200;0;206;0;
721;2022.05.11 18:30;4;22.5625;-200;-200;0;206;0;
722;2022.05.11 18:45;4;22.5625;-200;-200;0;206;0;
723;2022.05.11 19:00;4;22.625;-200;-200;0;206;0;
724;2022.05.11 19:15;4;22.625;-200;-200;0;206;0;
725;2022.05.11 19:30;4;22.6875;-200;-200;0;206;0;
726;2022.05.11 19:45;4;22.6875;-200;-200;0;206;0;
727;2022.05.11 20:00;4;22.75;-200;-200;0;206;0;
728;2022.05.11 20:15;4;22.75;-200;-200;0;206;0;
729;2022.05.11 20:30;4;22.875;-200;-200;0;206;0;
730;2022.05.11 20:45;4;22.8125;-200;-200;0;206;0;
731;2022.05.11 21:00;4;22.875;-200;-200;0;206;0;
732;2022.05.11 21:15;4;22.9375;-200;-200;0;206;0;
733;2022.05.11 21:30;4;22.9375;-200;-200;0;206;0;
734;2022.05.11 21:45;4;23;-200;-200;0;206;0;
735;2022.05.11 22:00;4;23;-200;-200;0;206;0;
736;2022.05.11 22:15;4;23.0625;-200;-200;0;206;0;
737;2022.05.11 22:30;4;23.125;-200;-200;0;206;0;
738;2022.05.11 22:45;4;23.1875;-200;-200;0;206;0;
739;2022.05.11 23:00;4;23.25;-200;-200;0;206;0;
740;2022.05.11 23:15;4;23.25;-200;-200;0;206;0;
741;2022.05.11 23:30;4;23.3125;-200;-200;0;206;0;
742;2022.05.11 23:45;4;23.375;-200;-200;0;206;0;
743;2022.05.12 00:00;4;23.375;-200;-200;0;206;0;
744;2022.05.12 00:15;4;23.4375;-200;-200;0;206;0;
745;2022.05.12 00:30;4;23.4375;-200;-200;0;206;0;
746;2022.05.12 00:45;4;23.5;-200;-200;0;206;0;
747;2022.05.12 01:00;4;23.5625;-200;-200;0;206;0;
748;2022.05.12 01:15;4;23.5625;-200;-200;0;206;0;
749;2022.05.12 01:30;4;23.5625;-200;-200;0;206;0;
750;2022.05.12 01:45;4;23.625;-200;-200;0;206;0;
751;2022.05.12 02:00;4;23.625;-200;-200;0;206;0;
752;2022.05.12 02:15;4;23.625;-200;-200;0;206;0;
753;2022.05.12 02:30;4;23.6875;-200;-200;0;206;0;
754;2022.05.12 02:45;4;23.6875;-200;-200;0;206;0;
755;2022.05.12 03:00;4;23.6875;-200;-200;0;206;0;
756;2022.05.12 03:15;4;23.6875;-200;-200;0;206;0;
757;2022.05.12 03:30;4;23.6875;-200;-200;0;206;0;
758;2022.05.12 03:45;4;23.6875;-200;-200;0;206;0;
759;2022.05.12 04:00;4;23.6875;-200;-200;0;206;0;
760;2022.05.12 04:15;4;23.6875;-200;-200;0;206;0;
761;2022.05.12 04:30;4;23.625;-200;-200;0;206;0;
762;2022.05.12 04:45;4;23.625;-200;-200;0;206;0;
763;2022.05.12 05:00;4;23.625;-200;-200;0;206;0;
764;2022.05.12 05:15;4;23.5625;-200;-200;0;206;0;
765;2022.05.12 05:30;4;23.5625;-200;-200;0;206;0;
766;2022.05.12 05:45;4;23.5;-200;-200;0;206;0;
767;2022.05.12 06:00;4;23.5;-200;-200;0;206;0;
768;2022.05.12 06:15;4;23.4375;-200;-200;0;206;0;
769;2022.05.12 06:30;4;23.4375;-200;-200;0;206;0;
770;2022.05.12 06:45;4;23.375;-200;-200;0;206;0;
771;2022.05.12 07:00;4;23.3125;-200;-200;0;206;0;
772;2022.05.12 07:15;4;23.3125;-200;-200;0;206;0;
773;2022.05.12 07:30;4;23.25;-200;-200;0;206;0;
774;2022.05.12 07:45;4;23.1875;-200;-200;0;206;0;
775;2022.05.12 08:00;4;23.125;-200;-200;0;206;0;
776;2022.05.12 08:15;4;23.125;-200;-200;0;206;0;
777;2022.05.12 08:30;4;23.0625;-200;-200;0;206;0;
778;2022.05.12 08:45;4;23;-200;-200;0;206;0;
779;2022.05.12 09:00;4;22.9375;-200;-200;0;206;0;
780;2022.05.12 09:15;4;22.875;-200;-200;0;206;0;
781;2022.05.12 09:30;4;22.8125;-200;-200;0;206;0;
782;2022.05.12 09:45;4;22.75;-200;-200;0;206;0;
783;2022.05.12 10:00;4;22.6875;-200;-200;0;206;0;
784;2022.05.12 10:15;4;22.6875;-200;-200;0;206;0;
785;2022.05.12 10:30;4;22.625;-200;-200;0;206;0;
786;2022.05.12 10:45;4;22.5625;-200;-200;0;206;0;
787;2022.05.12 11:00;4;22.5625;-200;-200;0;206;0;
788;2022.05.12 11:15;4;22.5;-200;-200;0;206;0;
789;2022.05.12 11:30;4;22.5;-200;-200;0;206;0;
790;2022.05.12 11:45;4;22.4375;-200;-200;0;206;0;
791;2022.05.12 12:00;4;22.4375;-200;-200;0;206;0;
792;2022.05.12 12:15;4;22.4375;-200;-200;0;206;0;
793;2022.05.12 12:30;4;22.4375;-200;-200;0;206;0;
794;2022.05.12 12:45;4;22.375;-200;-200;0;206;0;
795;2022.05.12 13:00;4;22.4375;-200;-200;0;206;0;
796;2022.05.12 13:15;4;22.375;-200;-200;0;206;0;
797;2022.05.12 13:30;4;22.375;-200;-200;0;206;0;
798;2022.05.12 13:45;4;22.375;-200;-200;0;206;0;
799;2022.05.12 14:00;4;22.375;-200;-200;0;206;0;
800;2022.05.12 14:15;4;22.375;-200;-200;0;206;0;
801;2022.05.12 14:30;4;22.375;-200;-200;0;206;0;
802;2022.05.12 14:45;4;22.3125;-200;-200;0;206;0;
803;2022.05.12 15:00;4;22.3125;-200;-200;0;206;0;
804;2022.05.12 15:15;4;22.3125;-200;-200;0;206;0;
805;2022.05.12 15:30;4;22.375;-200;-200;0;206;0;
806;2022.05.12 15:45;4;22.375;-200;-200;0;206;0;
807;2022.05.12 16:00;4;22.375;-200;-200;0;206;0;
808;2022.05.12 16:15;4;22.4375;-200;-200;0;206;0;
809;2022.05.12 16:30;4;22.4375;-200;-200;0;206;0;
810;2022.05.12 16:45;4;22.4375;-200;-200;0;206;0;
811;2022.05.12 17:00;4;22.5;-200;-200;0;206;0;
812;2022.05.12 17:15;4;22.5625;-200;-200;0;206;0;
813;2022.05.12 17:30;4;22.625;-200;-200;0;206;0;
814;2022.05.12 17:45;4;22.6875;-200;-200;0;206;0;
815;2022.05.12 18:00;4;22.6875;-200;-200;0;206;0;
816;2022.05.12 18:15;4;22.75;-200;-200;0;206;0;
817;2022.05.12 18:30;4;22.8125;-200;-200;0;206;0;
818;2022.05.12 18:45;4;22.875;-200;-200;0;206;0;
819;2022.05.12 19:00;4;22.875;-200;-200;0;206;0;
820;2022.05.12 19:15;4;22.9375;-200;-200;0;206;0;
821;2022.05.12 19:30;4;23;-200;-200;0;206;0;
822;2022.05.12 19:45;4;23.0625;-200;-200;0;206;0;
823;2022.05.12 20:00;4;23.125;-200;-200;0;206;0;
824;2022.05.12 20:15;4;23.1875;-200;-200;0;206;0;
825;2022.05.12 20:30;4;23.25;-200;-200;0;206;0;
826;2022.05.12 20:45;4;23.3125;-200;-200;0;206;0;
827;2022.05.12 21:00;4;23.375;-200;-200;0;206;0;
828;2022.05.12 21:15;4;23.375;-200;-200;0;206;0;
829;2022.05.12 21:30;4;23.4375;-200;-200;0;206;0;
830;2022.05.12 21:45;4;23.5;-200;-200;0;206;0;
831;2022.05.12 22:00;4;23.5625;-200;-200;0;206;0;
832;2022.05.12 22:15;4;23.625;-200;-200;0;206;0;
833;2022.05.12 22:30;4;23.6875;-200;-200;0;206;0;
834;2022.05.12 22:45;4;23.75;-200;-200;0;206;0;
835;2022.05.12 23:00;4;23.75;-200;-200;0;206;0;
836;2022.05.12 23:15;4;23.875;-200;-200;0;206;0;
837;2022.05.12 23:30;4;23.9375;-200;-200;0;206;0;
838;2022.05.12 23:45;4;23.9375;-200;-200;0;206;0;
839;2022.05.13 00:00;4;24;-200;-200;0;206;0;
840;2022.05.13 00:15;4;24;-200;-200;0;206;0;
841;2022.05.13 00:30;4;24.125;-200;-200;0;206;0;
842;2022.05.13 00:45;4;24.125;-200;-200;0;206;0;
843;2022.05.13 01:00;4;24.1875;-200;-200;0;206;0;
844;2022.05.13 01:15;4;24.1875;-200;-200;0;206;0;
845;2022.05.13 01:30;4;24.25;-200;-200;0;206;0;
846;2022.05.13 01:45;4;24.3125;-200;-200;0;206;0;
847;2022.05.13 02:00;4;24.375;-200;-200;0;206;0;
848;2022.05.13 02:15;4;24.375;-200;-200;0;206;0;
849;2022.05.13 02:30;4;24.4375;-200;-200;0;206;0;
850;2022.05.13 02:45;4;24.4375;-200;-200;0;206;0;
851;2022.05.13 03:00;4;24.4375;-200;-200;0;206;0;
852;2022.05.13 03:15;4;24.5;-200;-200;0;206;0;
853;2022.05.13 03:30;4;24.5;-200;-200;0;206;0;
854;2022.05.13 03:45;4;24.5;-200;-200;0;206;0;
855;2022.05.13 04:00;4;24.5625;-200;-200;0;206;0;
856;2022.05.13 04:15;4;24.5625;-200;-200;0;206;0;
857;2022.05.13 04:30;4;24.5625;-200;-200;0;206;0;
858;2022.05.13 04:45;4;24.5625;-200;-200;0;206;0;
859;2022.05.13 05:00;4;24.5625;-200;-200;0;206;0;
860;2022.05.13 05:15;4;24.5625;-200;-200;0;206;0;
861;2022.05.13 05:30;4;24.5;-200;-200;0;206;0;
862;2022.05.13 05:45;4;24.5;-200;-200;0;206;0;
863;2022.05.13 06:00;4;24.5;-200;-200;0;206;0;
864;2022.05.13 06:15;4;24.4375;-200;-200;0;206;0;
865;2022.05.13 06:30;4;24.4375;-200;-200;0;206;0;
866;2022.05.13 06:45;4;24.4375;-200;-200;0;206;0;
867;2022.05.13 07:00;4;24.4375;-200;-200;0;206;0;
868;2022.05.13 07:15;4;24.375;-200;-200;0;206;0;
869;2022.05.13 07:30;4;24.375;-200;-200;0;206;0;
870;2022.05.13 07:45;4;24.3125;-200;-200;0;206;0;
871;2022.05.13 08:00;4;24.3125;-200;-200;0;206;0;
872;2022.05.13 08:15;4;24.25;-200;-200;0;206;0;
873;2022.05.13 08:30;4;24.25;-200;-200;0;206;0;
874;2022.05.13 08:45;4;24.1875;-200;-200;0;206;0;
875;2022.05.13 09:00;4;24.1875;-200;-200;0;206;0;
876;2022.05.13 09:15;4;24.125;-200;-200;0;206;0;
877;2022.05.13 09:30;4;24.0625;-200;-200;0;206;0;
878;2022.05.13 09:45;4;24.0625;-200;-200;0;206;0;
879;2022.05.13 10:00;4;24.0625;-200;-200;0;206;0;
880;2022.05.13 10:15;4;24;-200;-200;0;206;0;
881;2022.05.13 10:30;4;24;-200;-200;0;206;0;
882;2022.05.13 10:45;4;23.9375;-200;-200;0;206;0;
883;2022.05.13 11:00;4;23.9375;-200;-200;0;206;0;
884;2022.05.13 11:15;4;23.875;-200;-200;0;206;0;
885;2022.05.13 11:30;4;23.875;-200;-200;0;206;0;
886;2022.05.13 11:45;4;23.8125;-200;-200;0;206;0;
887;2022.05.13 12:00;4;23.8125;-200;-200;0;206;0;
888;2022.05.13 12:15;4;23.75;-200;-200;0;206;0;
889;2022.05.13 12:30;4;23.75;-200;-200;0;206;0;
890;2022.05.13 12:45;4;23.6875;-200;-200;0;206;0;
891;2022.05.13 13:00;4;23.6875;-200;-200;0;206;0;
892;2022.05.13 13:15;4;23.6875;-200;-200;0;206;0;
893;2022.05.13 13:30;4;23.625;-200;-200;0;206;0;
894;2022.05.13 13:45;4;23.6875;-200;-200;0;206;0;
895;2022.05.13 14:00;4;23.625;-200;-200;0;206;0;
896;2022.05.13 14:15;4;23.625;-200;-200;0;206;0;
897;2022.05.13 14:30;4;23.625;-200;-200;0;206;0;
898;2022.05.13 14:45;4;23.625;-200;-200;0;206;0;
899;2022.05.13 15:00;4;23.625;-200;-200;0;206;0;
900;2022.05.13 15:15;4;23.625;-200;-200;0;206;0;
901;2022.05.13 15:30;4;23.625;-200;-200;0;206;0;
902;2022.05.13 15:45;4;23.625;-200;-200;0;206;0;
903;2022.05.13 16:00;4;23.625;-200;-200;0;206;0;
904;2022.05.13 16:15;4;23.625;-200;-200;0;206;0;
905;2022.05.13 16:30;4;23.625;-200;-200;0;206;0;
906;2022.05.13 16:45;4;23.625;-200;-200;0;206;0;
907;2022.05.13 17:00;4;23.625;-200;-200;0;206;0;
908;2022.05.13 17:15;4;23.625;-200;-200;0;206;0;
909;2022.05.13 17:30;4;23.625;-200;-200;0;206;0;
910;2022.05.13 17:45;4;23.5625;-200;-200;0;206;0;
911;2022.05.13 18:00;4;23.625;-200;-200;0;206;0;
912;2022.05.13 18:15;4;23.5625;-200;-200;0;206;0;
913;2022.05.13 18:30;4;23.625;-200;-200;0;206;0;
914;2022.05.13 18:45;4;23.625;-200;-200;0;206;0;
915;2022.05.13 19:00;4;23.625;-200;-200;0;206;0;
916;2022.05.13 19:15;4;23.625;-200;-200;0;206;0;
917;2022.05.13 19:30;4;23.625;-200;-200;0;206;0;
918;2022.05.13 19:45;4;23.625;-200;-200;0;206;0;
919;2022.05.13 20:00;4;23.625;-200;-200;0;206;0;
920;2022.05.13 20:15;4;23.6875;-200;-200;0;206;0;
921;2022.05.13 20:30;4;23.6875;-200;-200;0;206;0;
922;2022.05.13 20:45;4;23.6875;-200;-200;0;206;0;
923;2022.05.13 21:00;4;23.75;-200;-200;0;206;0;
924;2022.05.13 21:15;4;23.8125;-200;-200;0;206;0;
925;2022.05.13 21:30;4;23.8125;-200;-200;0;206;0;
926;2022.05.13 21:45;4;23.875;-200;-200;0;206;0;
927;2022.05.13 22:00;4;23.9375;-200;-200;0;206;0;
928;2022.05.13 22:15;4;23.9375;-200;-200;0;206;0;
929;2022.05.13 22:30;4;24;-200;-200;0;206;0;
930;2022.05.13 22:45;4;24.0625;-200;-200;0;206;0;
931;2022.05.13 23:00;4;24.125;-200;-200;0;206;0;
932;2022.05.13 23:15;4;24.1875;-200;-200;0;206;0;
933;2022.05.13 23:30;4;24.25;-200;-200;0;206;0;
934;2022.05.13 23:45;4;24.3125;-200;-200;0;206;0;
935;2022.05.14 00:00;4;24.375;-200;-200;0;206;0;
936;2022.05.14 00:15;4;24.4375;-200;-200;0;206;0;
937;2022.05.14 00:30;4;24.4375;-200;-200;0;206;0;
938;2022.05.14 00:45;4;24.5;-200;-200;0;206;0;
939;2022.05.14 01:00;4;24.5;-200;-200;0;206;0;
940;2022.05.14 01:15;4;24.5625;-200;-200;0;206;0;
941;2022.05.14 01:30;4;24.5625;-200;-200;0;206;0;
942;2022.05.14 01:45;4;24.625;-200;-200;0;206;0;
943;2022.05.14 02:00;4;24.625;-200;-200;0;206;0;
944;2022.05.14 02:15;4;24.6875;-200;-200;0;206;0;
945;2022.05.14 02:30;4;24.625;-200;-200;0;206;0;
946;2022.05.14 02:45;4;24.625;-200;-200;0;206;0;
947;2022.05.14 03:00;4;24.5;-200;-200;0;206;0;
948;2022.05.14 03:15;4;24.4375;-200;-200;0;206;0;
949;2022.05.14 03:30;4;24.3125;-200;-200;0;206;0;
950;2022.05.14 03:45;4;24.1875;-200;-200;0;206;0;
951;2022.05.14 04:00;4;24.125;-200;-200;0;206;0;
952;2022.05.14 04:15;4;24.125;-200;-200;0;206;0;
953;2022.05.14 04:30;4;24.0625;-200;-200;0;206;0;
954;2022.05.14 04:45;4;24;-200;-200;0;206;0;
955;2022.05.14 05:00;4;24;-200;-200;0;206;0;
956;2022.05.14 05:15;4;24;-200;-200;0;206;0;
957;2022.05.14 05:30;4;23.9375;-200;-200;0;206;0;
958;2022.05.14 05:45;4;23.9375;-200;-200;0;206;0;
959;2022.05.14 06:00;4;23.9375;-200;-200;0;206;0;
960;2022.05.14 06:15;4;23.9375;-200;-200;0;206;0;
961;2022.05.14 06:30;4;23.875;-200;-200;0;206;0;
962;2022.05.14 06:45;4;23.875;-200;-200;0;206;0;
963;2022.05.14 07:00;4;23.875;-200;-200;0;206;0;
964;2022.05.14 07:15;4;23.8125;-200;-200;0;206;0;
965;2022.05.14 07:30;4;23.8125;-200;-200;0;206;0;
966;2022.05.14 07:45;4;23.8125;-200;-200;0;206;0;
967;2022.05.14 08:00;4;23.8125;-200;-200;0;206;0;
968;2022.05.14 08:15;4;23.8125;-200;-200;0;206;0;
969;2022.05.14 08:30;4;23.8125;-200;-200;0;206;0;
970;2022.05.14 08:45;4;23.8125;-200;-200;0;206;0;
971;2022.05.14 09:00;4;23.75;-200;-200;0;206;0;
972;2022.05.14 09:15;4;23.75;-200;-200;0;206;0;
973;2022.05.14 09:30;4;23.75;-200;-200;0;206;0;
974;2022.05.14 09:45;4;23.6875;-200;-200;0;206;0;
975;2022.05.14 10:00;4;23.6875;-200;-200;0;206;0;
976;2022.05.14 10:15;4;23.6875;-200;-200;0;206;0;
977;2022.05.14 10:30;4;23.625;-200;-200;0;206;0;
978;2022.05.14 10:45;4;23.625;-200;-200;0;206;0;
979;2022.05.14 11:00;4;23.625;-200;-200;0;206;0;
980;2022.05.14 11:15;4;23.625;-200;-200;0;206;0;
981;2022.05.14 11:30;4;23.625;-200;-200;0;206;0;
982;2022.05.14 11:45;4;23.5625;-200;-200;0;206;0;
983;2022.05.14 12:00;4;23.5625;-200;-200;0;206;0;
984;2022.05.14 12:15;4;23.5625;-200;-200;0;206;0;
985;2022.05.14 12:30;4;23.5625;-200;-200;0;206;0;
986;2022.05.14 12:45;4;23.5;-200;-200;0;206;0;
987;2022.05.14 13:00;4;23.5;-200;-200;0;206;0;
988;2022.05.14 13:15;4;23.5;-200;-200;0;206;0;
989;2022.05.14 13:30;4;23.5;-200;-200;0;206;0;
990;2022.05.14 13:45;4;23.5;-200;-200;0;206;0;
991;2022.05.14 14:00;4;23.5;-200;-200;0;206;0;
992;2022.05.14 14:15;4;23.5;-200;-200;0;206;0;
993;2022.05.14 14:30;4;23.5;-200;-200;0;206;0;
994;2022.05.14 14:45;4;23.5;-200;-200;0;206;0;
995;2022.05.14 15:00;4;23.5;-200;-200;0;206;0;
996;2022.05.14 15:15;4;23.5625;-200;-200;0;206;0;
997;2022.05.14 15:30;4;23.5625;-200;-200;0;206;0;
998;2022.05.14 15:45;4;23.5625;-200;-200;0;206;0;
999;2022.05.14 16:00;4;23.5625;-200;-200;0;206;0;
1000;2022.05.14 16:15;4;23.625;-200;-200;0;206;0;
1001;2022.05.14 16:30;4;23.625;-200;-200;0;206;0;
1002;2022.05.14 16:45;4;23.625;-200;-200;0;206;0;
1003;2022.05.14 17:00;4;23.6875;-200;-200;0;206;0;
1004;2022.05.14 17:15;4;23.75;-200;-200;0;206;0;
1005;2022.05.14 17:30;4;23.75;-200;-200;0;206;0;
1006;2022.05.14 17:45;4;23.75;-200;-200;0;206;0;
1007;2022.05.14 18:00;4;23.8125;-200;-200;0;206;0;
1008;2022.05.14 18:15;4;23.875;-200;-200;0;206;0;
1009;2022.05.14 18:30;4;23.875;-200;-200;0;206;0;
1010;2022.05.14 18:45;4;23.9375;-200;-200;0;206;0;
1011;2022.05.14 19:00;4;24;-200;-200;0;206;0;
1012;2022.05.14 19:15;4;24;-200;-200;0;206;0;
1013;2022.05.14 19:30;4;24.0625;-200;-200;0;206;0;
1014;2022.05.14 19:45;4;24.125;-200;-200;0;206;0;
1015;2022.05.14 20:00;4;24.1875;-200;-200;0;206;0;
1016;2022.05.14 20:15;4;24.1875;-200;-200;0;206;0;
1017;2022.05.14 20:30;4;24.25;-200;-200;0;206;0;
1018;2022.05.14 20:45;4;24.25;-200;-200;0;206;0;
1019;2022.05.14 21:00;4;24.3125;-200;-200;0;206;0;
1020;2022.05.14 21:15;4;24.375;-200;-200;0;206;0;
1021;2022.05.14 21:30;4;24.375;-200;-200;0;206;0;
1022;2022.05.14 21:45;4;24.4375;-200;-200;0;206;0;
1023;2022.05.14 22:00;4;24.4375;-200;-200;0;206;0;
1024;2022.05.14 22:15;4;24.5;-200;-200;0;206;0;
1025;2022.05.14 22:30;4;24.5625;-200;-200;0;206;0;
1026;2022.05.14 22:45;4;24.5625;-200;-200;0;206;0;
1027;2022.05.14 23:00;4;24.625;-200;-200;0;206;0;
1028;2022.05.14 23:15;4;24.625;-200;-200;0;206;0;
1029;2022.05.14 23:30;4;24.6875;-200;-200;0;206;0;
1030;2022.05.14 23:45;4;24.6875;-200;-200;0;206;0;
1031;2022.05.15 00:00;4;24.75;-200;-200;0;206;0;
1032;2022.05.15 00:15;4;24.75;-200;-200;0;206;0;
1033;2022.05.15 00:30;4;24.8125;-200;-200;0;206;0;
1034;2022.05.15 00:45;4;24.8125;-200;-200;0;206;0;
1035;2022.05.15 01:00;4;24.75;-200;-200;0;206;0;
1036;2022.05.15 01:15;4;24.6875;-200;-200;0;206;0;
1037;2022.05.15 01:30;4;24.6875;-200;-200;0;206;0;
1038;2022.05.15 01:45;4;24.6875;-200;-200;0;206;0;
1039;2022.05.15 02:00;4;24.625;-200;-200;0;206;0;
1040;2022.05.15 02:15;4;24.625;-200;-200;0;206;0;
1041;2022.05.15 02:30;4;24.625;-200;-200;0;206;0;
1042;2022.05.15 02:45;4;24.5625;-200;-200;0;206;0;
1043;2022.05.15 03:00;4;24.5625;-200;-200;0;206;0;
1044;2022.05.15 03:15;4;24.5625;-200;-200;0;206;0;
1045;2022.05.15 03:30;4;24.5;-200;-200;0;206;0;
1046;2022.05.15 03:45;4;24.4375;-200;-200;0;206;0;
1047;2022.05.15 04:00;4;24.3125;-200;-200;0;206;0;
1048;2022.05.15 04:15;4;24.1875;-200;-200;0;206;0;
1049;2022.05.15 04:30;4;24.0625;-200;-200;0;206;0;
1050;2022.05.15 04:45;4;23.875;-200;-200;0;206;0;
1051;2022.05.15 05:00;4;23.75;-200;-200;0;206;0;
1052;2022.05.15 05:15;4;23.5625;-200;-200;0;206;0;
1053;2022.05.15 05:30;4;23.4375;-200;-200;0;206;0;
1054;2022.05.15 05:45;4;23.3125;-200;-200;0;206;0;
1055;2022.05.15 06:00;4;23.1875;-200;-200;0;206;0;
1056;2022.05.15 06:15;4;23.0625;-200;-200;0;206;0;
1057;2022.05.15 06:30;4;23;-200;-200;0;206;0;
1058;2022.05.15 06:45;4;22.875;-200;-200;0;206;0;
1059;2022.05.15 07:00;4;22.8125;-200;-200;0;206;0;
1060;2022.05.15 07:15;4;22.75;-200;-200;0;206;0;
1061;2022.05.15 07:30;4;22.6875;-200;-200;0;206;0;
1062;2022.05.15 07:45;4;22.6875;-200;-200;0;206;0;
1063;2022.05.15 08:00;4;22.625;-200;-200;0;206;0;
1064;2022.05.15 08:15;4;22.625;-200;-200;0;206;0;
1065;2022.05.15 08:30;4;22.5625;-200;-200;0;206;0;
1066;2022.05.15 08:45;4;22.5625;-200;-200;0;206;0;
1067;2022.05.15 09:00;4;22.5;-200;-200;0;206;0;
1068;2022.05.15 09:15;4;22.5;-200;-200;0;206;0;
1069;2022.05.15 09:30;4;22.5;-200;-200;0;206;0;
1070;2022.05.15 09:45;4;22.4375;-200;-200;0;206;0;
1071;2022.05.15 10:00;4;22.4375;-200;-200;0;206;0;
1072;2022.05.15 10:15;4;22.375;-200;-200;0;206;0;
1073;2022.05.15 10:30;4;22.375;-200;-200;0;206;0;
1074;2022.05.15 10:45;4;22.375;-200;-200;0;206;0;
1075;2022.05.15 11:00;4;22.375;-200;-200;0;206;0;
1076;2022.05.15 11:15;4;22.375;-200;-200;0;206;0;
1077;2022.05.15 11:30;4;22.375;-200;-200;0;206;0;
1078;2022.05.15 11:45;4;22.375;-200;-200;0;206;0;
1079;2022.05.15 12:00;4;22.375;-200;-200;0;206;0;
1080;2022.05.15 12:15;4;22.375;-200;-200;0;206;0;
1081;2022.05.15 12:30;4;22.375;-200;-200;0;206;0;
1082;2022.05.15 12:45;4;22.3125;-200;-200;0;206;0;
1083;2022.05.15 13:00;4;22.375;-200;-200;0;206;0;
1084;2022.05.15 13:15;4;22.375;-200;-200;0;206;0;
1085;2022.05.15 13:30;4;22.375;-200;-200;0;206;0;
1086;2022.05.15 13:45;4;22.375;-200;-200;0;206;0;
1087;2022.05.15 14:00;4;22.375;-200;-200;0;206;0;
1088;2022.05.15 14:15;4;22.4375;-200;-200;0;206;0;
1089;2022.05.15 14:30;4;22.4375;-200;-200;0;206;0;
1090;2022.05.15 14:45;4;22.5;-200;-200;0;206;0;
1091;2022.05.15 15:00;4;22.5;-200;-200;0;206;0;
1092;2022.05.15 15:15;4;22.5625;-200;-200;0;206;0;
1093;2022.05.15 15:30;4;22.625;-200;-200;0;206;0;
1094;2022.05.15 15:45;4;22.625;-200;-200;0;206;0;
1095;2022.05.15 16:00;4;22.6875;-200;-200;0;206;0;
1096;2022.05.15 16:15;4;22.6875;-200;-200;0;206;0;
1097;2022.05.15 16:30;4;22.75;-200;-200;0;206;0;
1098;2022.05.15 16:45;4;22.8125;-200;-200;0;206;0;
1099;2022.05.15 17:00;4;22.8125;-200;-200;0;206;0;
1100;2022.05.15 17:15;4;22.875;-200;-200;0;206;0;
1101;2022.05.15 17:30;4;22.9375;-200;-200;0;206;0;
1102;2022.05.15 17:45;4;23;-200;-200;0;206;0;
1103;2022.05.15 18:00;4;23.0625;-200;-200;0;206;0;
1104;2022.05.15 18:15;4;23.0625;-200;-200;0;206;0;
1105;2022.05.15 18:30;4;23.125;-200;-200;0;206;0;
1106;2022.05.15 18:45;4;23.1875;-200;-200;0;206;0;
1107;2022.05.15 19:00;4;23.1875;-200;-200;0;206;0;
1108;2022.05.15 19:15;4;23.25;-200;-200;0;206;0;
1109;2022.05.15 19:30;4;23.3125;-200;-200;0;206;0;
1110;2022.05.15 19:45;4;23.3125;-200;-200;0;206;0;
1111;2022.05.15 20:00;4;23.375;-200;-200;0;206;0;
1112;2022.05.15 20:15;4;23.5;-200;-200;0;206;0;
1113;2022.05.15 20:30;4;23.5625;-200;-200;0;206;0;
1114;2022.05.15 20:45;4;23.625;-200;-200;0;206;0;
1115;2022.05.15 21:00;4;23.6875;-200;-200;0;206;0;
1116;2022.05.15 21:15;4;23.8125;-200;-200;0;206;0;
1117;2022.05.15 21:30;4;23.875;-200;-200;0;206;0;
1118;2022.05.15 21:45;4;24;-200;-200;0;206;0;
1119;2022.05.15 22:00;4;24.0625;-200;-200;0;206;0;
1120;2022.05.15 22:15;4;24.0625;-200;-200;0;206;0;
1121;2022.05.15 22:30;4;24.125;-200;-200;0;206;0;
1122;2022.05.15 22:45;4;24.1875;-200;-200;0;206;0;
1123;2022.05.15 23:00;4;24.1875;-200;-200;0;206;0;
1124;2022.05.15 23:15;4;24.1875;-200;-200;0;206;0;
1125;2022.05.15 23:30;4;24.1875;-200;-200;0;206;0;
1126;2022.05.15 23:45;4;24.25;-200;-200;0;206;0;
1127;2022.05.16 00:00;4;24.25;-200;-200;0;206;0;
1128;2022.05.16 00:15;4;24.25;-200;-200;0;206;0;
1129;2022.05.16 00:30;4;24.3125;-200;-200;0;206;0;
1130;2022.05.16 00:45;4;24.3125;-200;-200;0;206;0;
1131;2022.05.16 01:00;4;24.25;-200;-200;0;206;0;
1132;2022.05.16 01:15;4;24.1875;-200;-200;0;206;0;
1133;2022.05.16 01:30;4;24.125;-200;-200;0;206;0;
1134;2022.05.16 01:45;4;24;-200;-200;0;206;0;
1135;2022.05.16 02:00;4;23.9375;-200;-200;0;206;0;
1136;2022.05.16 02:15;4;23.875;-200;-200;0;206;0;
1137;2022.05.16 02:30;4;23.8125;-200;-200;0;206;0;
1138;2022.05.16 02:45;4;23.75;-200;-200;0;206;0;
1139;2022.05.16 03:00;4;23.75;-200;-200;0;206;0;
1140;2022.05.16 03:15;4;23.6875;-200;-200;0;206;0;
1141;2022.05.16 03:30;4;23.6875;-200;-200;0;206;0;
1142;2022.05.16 03:45;4;23.625;-200;-200;0;206;0;
1143;2022.05.16 04:00;4;23.6875;-200;-200;0;206;0;
1144;2022.05.16 04:15;4;23.625;-200;-200;0;206;0;
1145;2022.05.16 04:30;4;23.625;-200;-200;0;206;0;
1146;2022.05.16 04:45;4;23.625;-200;-200;0;206;0;
1147;2022.05.16 05:00;4;23.625;-200;-200;0;206;0;
1148;2022.05.16 05:15;4;23.625;-200;-200;0;206;0;
1149;2022.05.16 05:30;4;23.625;-200;-200;0;206;0;
1150;2022.05.16 05:45;4;23.625;-200;-200;0;206;0;
1151;2022.05.16 06:00;4;23.625;-200;-200;0;206;0;
1152;2022.05.16 06:15;4;23.5625;-200;-200;0;206;0;
1153;2022.05.16 06:30;4;23.5625;-200;-200;0;206;0;
1154;2022.05.16 06:45;4;23.5625;-200;-200;0;206;0;
1155;2022.05.16 07:00;4;23.5625;-200;-200;0;206;0;
1156;2022.05.16 07:15;4;23.5625;-200;-200;0;206;0;
1157;2022.05.16 07:30;4;23.5625;-200;-200;0;206;0;
1158;2022.05.16 07:45;4;23.5625;-200;-200;0;206;0;
1159;2022.05.16 08:00;4;23.5;-200;-200;0;206;0;
1160;2022.05.16 08:15;4;23.5;-200;-200;0;206;0;
1161;2022.05.16 08:30;4;23.5;-200;-200;0;206;0;
1162;2022.05.16 08:45;4;23.5;-200;-200;0;206;0;
1163;2022.05.16 09:00;4;23.5;-200;-200;0;206;0;
1164;2022.05.16 09:15;4;23.4375;-200;-200;0;206;0;
1165;2022.05.16 09:30;4;23.4375;-200;-200;0;206;0;
1166;2022.05.16 09:45;4;23.4375;-200;-200;0;206;0;
1167;2022.05.16 10:00;4;23.4375;-200;-200;0;206;0;
1168;2022.05.16 10:15;4;23.375;-200;-200;0;206;0;
1169;2022.05.16 10:30;4;23.375;-200;-200;0;206;0;
1170;2022.05.16 10:45;4;23.375;-200;-200;0;206;0;
1171;2022.05.16 11:00;4;23.375;-200;-200;0;206;0;
1172;2022.05.16 11:15;4;23.3125;-200;-200;0;206;0;
1173;2022.05.16 11:30;4;23.3125;-200;-200;0;206;0;
1174;2022.05.16 11:45;4;23.3125;-200;-200;0;206;0;
1175;2022.05.16 12:00;4;23.3125;-200;-200;0;206;0;
1176;2022.05.16 12:15;4;23.3125;-200;-200;0;206;0;
1177;2022.05.16 12:30;4;23.3125;-200;-200;0;206;0;
1178;2022.05.16 12:45;4;23.3125;-200;-200;0;206;0;
1179;2022.05.16 13:00;4;23.3125;-200;-200;0;206;0;
1180;2022.05.16 13:15;4;23.3125;-200;-200;0;206;0;
1181;2022.05.16 13:30;4;23.375;-200;-200;0;206;0;
1182;2022.05.16 13:45;4;23.375;-200;-200;0;206;0;
1183;2022.05.16 14:00;4;23.375;-200;-200;0;206;0;
1184;2022.05.16 14:15;4;23.375;-200;-200;0;206;0;
1185;2022.05.16 14:30;4;23.375;-200;-200;0;206;0;
1186;2022.05.16 14:45;4;23.375;-200;-200;0;206;0;
1187;2022.05.16 15:00;4;23.4375;-200;-200;0;206;0;
1188;2022.05.16 15:15;4;23.4375;-200;-200;0;206;0;
1189;2022.05.16 15:30;4;23.4375;-200;-200;0;206;0;
1190;2022.05.16 15:45;4;23.4375;-200;-200;0;206;0;
1191;2022.05.16 16:00;4;23.4375;-200;-200;0;206;0;
1192;2022.05.16 16:15;4;23.4375;-200;-200;0;206;0;
1193;2022.05.16 16:30;4;23.5;-200;-200;0;206;0;
1194;2022.05.16 16:45;4;23.5;-200;-200;0;206;0;
1195;2022.05.16 17:00;4;23.5;-200;-200;0;206;0;
1196;2022.05.16 17:15;4;23.5625;-200;-200;0;206;0;
1197;2022.05.16 17:30;4;23.5625;-200;-200;0;206;0;
1198;2022.05.16 17:45;4;23.5625;-200;-200;0;206;0;
1199;2022.05.16 18:00;4;23.625;-200;-200;0;206;0;
1200;2022.05.16 18:15;4;23.625;-200;-200;0;206;0;
1201;2022.05.16 18:30;4;23.6875;-200;-200;0;206;0;
1202;2022.05.16 18:45;4;23.75;-200;-200;0;206;0;
1203;2022.05.16 19:00;4;23.75;-200;-200;0;206;0;
1204;2022.05.16 19:15;4;23.8125;-200;-200;0;206;0;
1205;2022.05.16 19:30;4;23.875;-200;-200;0;206;0;
1206;2022.05.16 19:45;4;23.9375;-200;-200;0;206;0;
1207;2022.05.16 20:00;4;24;-200;-200;0;206;0;
1208;2022.05.16 20:15;4;24.0625;-200;-200;0;206;0;
1209;2022.05.16 20:30;4;24.125;-200;-200;0;206;0;
1210;2022.05.16 20:45;4;24.1875;-200;-200;0;206;0;
1211;2022.05.16 21:00;4;24.25;-200;-200;0;206;0;
1212;2022.05.16 21:15;4;24.3125;-200;-200;0;206;0;
1213;2022.05.16 21:30;4;24.375;-200;-200;0;206;0;
1214;2022.05.16 21:45;4;24.4375;-200;-200;0;206;0;
1215;2022.05.16 22:00;4;24.5;-200;-200;0;206;0;
1216;2022.05.16 22:15;4;24.5;-200;-200;0;206;0;
1217;2022.05.16 22:30;4;24.5625;-200;-200;0;206;0;
1218;2022.05.16 22:45;4;24.625;-200;-200;0;206;0;
1219;2022.05.16 23:00;4;24.625;-200;-200;0;206;0;
1220;2022.05.16 23:15;4;24.625;-200;-200;0;206;0;
1221;2022.05.16 23:30;4;24.6875;-200;-200;0;206;0;
1222;2022.05.16 23:45;4;24.6875;-200;-200;0;206;0;
1223;2022.05.17 00:00;4;24.625;-200;-200;0;206;0;
1224;2022.05.17 00:15;4;24.625;-200;-200;0;206;0;
1225;2022.05.17 00:30;4;24.5625;-200;-200;0;206;0;
1226;2022.05.17 00:45;4;24.5;-200;-200;0;206;0;
1227;2022.05.17 01:00;4;24.4375;-200;-200;0;206;0;
1228;2022.05.17 01:15;4;24.375;-200;-200;0;206;0;
1229;2022.05.17 01:30;4;24.375;-200;-200;0;206;0;
1230;2022.05.17 01:45;4;24.3125;-200;-200;0;206;0;
1231;2022.05.17 02:00;4;24.3125;-200;-200;0;206;0;
1232;2022.05.17 02:15;4;24.25;-200;-200;0;206;0;
1233;2022.05.17 02:30;4;24.3125;-200;-200;0;206;0;
1234;2022.05.17 02:45;4;24.25;-200;-200;0;206;0;
1235;2022.05.17 03:00;4;24.25;-200;-200;0;206;0;
1236;2022.05.17 03:15;4;24.25;-200;-200;0;206;0;
1237;2022.05.17 03:30;4;24.1875;-200;-200;0;206;0;
1238;2022.05.17 03:45;4;24.0625;-200;-200;0;206;0;
1239;2022.05.17 04:00;4;24;-200;-200;0;206;0;
1240;2022.05.17 04:15;4;24;-200;-200;0;206;0;
1241;2022.05.17 04:30;4;23.9375;-200;-200;0;206;0;
1242;2022.05.17 04:45;4;23.875;-200;-200;0;206;0;
1243;2022.05.17 05:00;4;23.875;-200;-200;0;206;0;
1244;2022.05.17 05:15;4;23.8125;-200;-200;0;206;0;
1245;2022.05.17 05:30;4;23.8125;-200;-200;0;206;0;
1246;2022.05.17 05:45;4;23.75;-200;-200;0;206;0;
1247;2022.05.17 06:00;4;23.75;-200;-200;0;206;0;
1248;2022.05.17 06:15;4;23.6875;-200;-200;0;206;0;
1249;2022.05.17 06:30;4;23.6875;-200;-200;0;206;0;
1250;2022.05.17 06:45;4;23.625;-200;-200;0;206;0;
1251;2022.05.17 07:00;4;23.625;-200;-200;0;206;0;
1252;2022.05.17 07:15;4;23.5625;-200;-200;0;206;0;
1253;2022.05.17 07:30;4;23.5;-200;-200;0;206;0;
1254;2022.05.17 07:45;4;23.5;-200;-200;0;206;0;
1255;2022.05.17 08:00;4;23.4375;-200;-200;0;206;0;
1256;2022.05.17 08:15;4;23.375;-200;-200;0;206;0;
1257;2022.05.17 08:30;4;23.3125;-200;-200;0;206;0;
1258;2022.05.17 08:45;4;23.25;-200;-200;0;206;0;
1259;2022.05.17 09:00;4;23.1875;-200;-200;0;206;0;
1260;2022.05.17 09:15;4;23.1875;-200;-200;0;206;0;
1261;2022.05.17 09:30;4;23.125;-200;-200;0;206;0;
1262;2022.05.17 09:45;4;23.0625;-200;-200;0;206;0;
1263;2022.05.17 10:00;4;23;-200;-200;0;206;0;
1264;2022.05.17 10:15;4;22.9375;-200;-200;0;206;0;
1265;2022.05.17 10:30;4;22.875;-200;-200;0;206;0;
1266;2022.05.17 10:45;4;22.8125;-200;-200;0;206;0;
1267;2022.05.17 11:00;4;22.75;-200;-200;0;206;0;
1268;2022.05.17 11:15;4;22.75;-200;-200;0;206;0;
1269;2022.05.17 11:30;4;22.6875;-200;-200;0;206;0;
1270;2022.05.17 11:45;4;22.625;-200;-200;0;206;0;
1271;2022.05.17 12:00;4;22.5625;-200;-200;0;206;0;
1272;2022.05.17 12:15;4;22.5625;-200;-200;0;206;0;
1273;2022.05.17 12:30;4;22.5625;-200;-200;0;206;0;
1274;2022.05.17 12:45;4;22.5;-200;-200;0;206;0;
1275;2022.05.17 13:00;4;22.5;-200;-200;0;206;0;
1276;2022.05.17 13:15;4;22.5625;-200;-200;0;206;0;
1277;2022.05.17 13:30;4;22.5625;-200;-200;0;206;0;
1278;2022.05.17 13:45;4;22.5625;-200;-200;0;206;0;
1279;2022.05.17 14:00;4;22.625;-200;-200;0;206;0;
1280;2022.05.17 14:15;4;22.625;-200;-200;0;206;0;
1281;2022.05.17 14:30;4;22.625;-200;-200;0;206;0;
1282;2022.05.17 14:45;4;22.6875;-200;-200;0;206;0;
1283;2022.05.17 15:00;4;22.75;-200;-200;0;206;0;
1284;2022.05.17 15:15;4;22.75;-200;-200;0;206;0;
1285;2022.05.17 15:30;4;22.75;-200;-200;0;206;0;
1286;2022.05.17 15:45;4;22.8125;-200;-200;0;206;0;
1287;2022.05.17 16:00;4;22.8125;-200;-200;0;206;0;
1288;2022.05.17 16:15;4;22.875;-200;-200;0;206;0;
1289;2022.05.17 16:30;4;22.875;-200;-200;0;206;0;
1290;2022.05.17 16:45;4;22.875;-200;-200;0;206;0;
1291;2022.05.17 17:00;4;22.9375;-200;-200;0;206;0;
1292;2022.05.17 17:15;4;23;-200;-200;0;206;0;
1293;2022.05.17 17:30;4;23;-200;-200;0;206;0;
1294;2022.05.17 17:45;4;23.0625;-200;-200;0;206;0;
1295;2022.05.17 18:00;4;23.125;-200;-200;0;206;0;
1296;2022.05.17 18:15;4;23.125;-200;-200;0;206;0;
1297;2022.05.17 18:30;4;23.1875;-200;-200;0;206;0;
1298;2022.05.17 18:45;4;23.25;-200;-200;0;206;0;
1299;2022.05.17 19:00;4;23.3125;-200;-200;0;206;0;
1300;2022.05.17 19:15;4;23.3125;-200;-200;0;206;0;
1301;2022.05.17 19:30;4;23.375;-200;-200;0;206;0;
1302;2022.05.17 19:45;4;23.375;-200;-200;0;206;0;
1303;2022.05.17 20:00;4;23.4375;-200;-200;0;206;0;
1304;2022.05.17 20:15;4;23.5625;-200;-200;0;206;0;
1305;2022.05.17 20:30;4;23.625;-200;-200;0;206;0;
1306;2022.05.17 20:45;4;23.6875;-200;-200;0;206;0;
1307;2022.05.17 21:00;4;23.75;-200;-200;0;206;0;
1308;2022.05.17 21:15;4;23.8125;-200;-200;0;206;0;
1309;2022.05.17 21:30;4;23.8125;-200;-200;0;206;0;
1310;2022.05.17 21:45;4;23.875;-200;-200;0;206;0;
1311;2022.05.17 22:00;4;23.9375;-200;-200;0;206;0;
1312;2022.05.17 22:15;4;23.9375;-200;-200;0;206;0;
1313;2022.05.17 22:30;4;23.9375;-200;-200;0;206;0;
1314;2022.05.17 22:45;4;24;-200;-200;0;206;0;
1315;2022.05.17 23:00;4;24.0625;-200;-200;0;206;0;
1316;2022.05.17 23:15;4;24.0625;-200;-200;0;206;0;
1317;2022.05.17 23:30;4;24.125;-200;-200;0;206;0;
1318;2022.05.17 23:45;4;24.125;-200;-200;0;206;0;
1319;2022.05.18 00:00;4;24.1875;-200;-200;0;206;0;
1320;2022.05.18 00:15;4;24.1875;-200;-200;0;206;0;
1321;2022.05.18 00:30;4;24.3125;-200;-200;0;206;0;
1322;2022.05.18 00:45;4;24.375;-200;-200;0;206;0;
1323;2022.05.18 01:00;4;24.375;-200;-200;0;206;0;
1324;2022.05.18 01:15;4;24.3125;-200;-200;0;206;0;
1325;2022.05.18 01:30;4;24.3125;-200;-200;0;206;0;
1326;2022.05.18 01:45;4;24.3125;-200;-200;0;206;0;
1327;2022.05.18 02:00;4;24.3125;-200;-200;0;206;0;
1328;2022.05.18 02:15;4;24.3125;-200;-200;0;206;0;
1329;2022.05.18 02:30;4;24.3125;-200;-200;0;206;0;
1330;2022.05.18 02:45;4;24.3125;-200;-200;0;206;0;
1331;2022.05.18 03:00;4;24.3125;-200;-200;0;206;0;
1332;2022.05.18 03:15;4;24.3125;-200;-200;0;206;0;
1333;2022.05.18 03:30;4;24.3125;-200;-200;0;206;0;
1334;2022.05.18 03:45;4;24.3125;-200;-200;0;206;0;
1335;2022.05.18 04:00;4;24.25;-200;-200;0;206;0;
1336;2022.05.18 04:15;4;24.25;-200;-200;0;206;0;
1337;2022.05.18 04:30;4;24.25;-200;-200;0;206;0;
1338;2022.05.18 04:45;4;24.25;-200;-200;0;206;0;
1339;2022.05.18 05:00;4;24.1875;-200;-200;0;206;0;
1340;2022.05.18 05:15;4;24.1875;-200;-200;0;206;0;
1341;2022.05.18 05:30;4;24.1875;-200;-200;0;206;0;
1342;2022.05.18 05:45;4;24.125;-200;-200;0;206;0;
1343;2022.05.18 06:00;4;24.125;-200;-200;0;206;0;
1344;2022.05.18 06:15;4;24.125;-200;-200;0;206;0;
1345;2022.05.18 06:30;4;24.0625;-200;-200;0;206;0;
1346;2022.05.18 06:45;4;24;-200;-200;0;206;0;
1347;2022.05.18 07:00;4;24;-200;-200;0;206;0;
1348;2022.05.18 07:15;4;23.9375;-200;-200;0;206;0;
1349;2022.05.18 07:30;4;23.875;-200;-200;0;206;0;
1350;2022.05.18 07:45;4;23.875;-200;-200;0;206;0;
1351;2022.05.18 08:00;4;23.8125;-200;-200;0;206;0;
1352;2022.05.18 08:15;4;23.75;-200;-200;0;206;0;
1353;2022.05.18 08:30;4;23.75;-200;-200;0;206;0;
1354;2022.05.18 08:45;4;23.6875;-200;-200;0;206;0;
1355;2022.05.18 09:00;4;23.625;-200;-200;0;206;0;
1356;2022.05.18 09:15;4;23.5625;-200;-200;0;206;0;
1357;2022.05.18 09:30;4;23.5;-200;-200;0;206;0;
1358;2022.05.18 09:45;4;23.4375;-200;-200;0;206;0;
1359;2022.05.18 10:00;4;23.4375;-200;-200;0;206;0;
1360;2022.05.18 10:15;4;23.375;-200;-200;0;206;0;
1361;2022.05.18 10:30;4;23.3125;-200;-200;0;206;0;
1362;2022.05.18 10:45;4;23.25;-200;-200;0;206;0;
1363;2022.05.18 11:00;4;23.1875;-200;-200;0;206;0;
1364;2022.05.18 11:15;4;23.125;-200;-200;0;206;0;
1365;2022.05.18 11:30;4;23.125;-200;-200;0;206;0;
1366;2022.05.18 11:45;4;23.0625;-200;-200;0;206;0;
1367;2022.05.18 12:00;4;23;-200;-200;0;206;0;
1368;2022.05.18 12:15;4;22.9375;-200;-200;0;206;0;
1369;2022.05.18 12:30;4;22.9375;-200;-200;0;206;0;
1370;2022.05.18 12:45;4;22.8125;-200;-200;0;206;0;
1371;2022.05.18 13:00;4;22.625;-200;-200;0;206;0;
1372;2022.05.18 13:15;4;22.5;-200;-200;0;206;0;
1373;2022.05.18 13:30;4;22.4375;-200;-200;0;206;0;
1374;2022.05.18 13:45;4;22.5;-200;-200;0;206;0;
1375;2022.05.18 14:00;4;22.5;-200;-200;0;206;0;
1376;2022.05.18 14:15;4;22.4375;-200;-200;0;206;0;
1377;2022.05.18 14:30;4;22.3125;-200;-200;0;206;0;
1378;2022.05.18 14:45;4;22.125;-200;-200;0;206;0;
1379;2022.05.18 15:00;4;22.0625;-200;-200;0;206;0;
1380;2022.05.18 15:15;4;21.9375;-200;-200;0;206;0;
1381;2022.05.18 15:30;4;21.8125;-200;-200;0;206;0;
1382;2022.05.18 15:45;4;21.6875;-200;-200;0;206;0;
1383;2022.05.18 16:00;4;21.625;-200;-200;0;206;0;
1384;2022.05.18 16:15;4;21.5625;-200;-200;0;206;0;
1385;2022.05.18 16:30;4;21.5;-200;-200;0;206;0;
1386;2022.05.18 16:45;4;21.4375;-200;-200;0;206;0;
1387;2022.05.18 17:00;4;21.375;-200;-200;0;206;0;
1388;2022.05.18 17:15;4;21.3125;-200;-200;0;206;0;
1389;2022.05.18 17:30;4;21.3125;-200;-200;0;206;0;
1390;2022.05.18 17:45;4;21.25;-200;-200;0;206;0;
1391;2022.05.18 18:00;4;21.25;-200;-200;0;206;0;
1392;2022.05.18 18:15;4;21.1875;-200;-200;0;206;0;
1393;2022.05.18 18:30;4;21.1875;-200;-200;0;206;0;
1394;2022.05.18 18:45;4;21.1875;-200;-200;0;206;0;
1395;2022.05.18 19:00;4;21.1875;-200;-200;0;206;0;
1396;2022.05.18 19:15;4;21.1875;-200;-200;0;206;0;
1397;2022.05.18 19:30;4;21.1875;-200;-200;0;206;0;
1398;2022.05.18 19:45;4;21.1875;-200;-200;0;206;0;
1399;2022.05.18 20:00;4;21.1875;-200;-200;0;206;0;
1400;2022.05.18 20:15;4;21.1875;-200;-200;0;206;0;
1401;2022.05.18 20:30;4;21.1875;-200;-200;0;206;0;
1402;2022.05.18 20:45;4;21.1875;-200;-200;0;206;0;
1403;2022.05.18 21:00;4;21.1875;-200;-200;0;206;0;
1404;2022.05.18 21:15;4;21.1875;-200;-200;0;206;0;
1405;2022.05.18 21:30;4;21.1875;-200;-200;0;206;0;
1406;2022.05.18 21:45;4;21.25;-200;-200;0;206;0;
1407;2022.05.18 22:00;4;21.25;-200;-200;0;206;0;
1408;2022.05.18 22:15;4;21.25;-200;-200;0;206;0;
1409;2022.05.18 22:30;4;21.25;-200;-200;0;206;0;
1410;2022.05.18 22:45;4;21.25;-200;-200;0;206;0;
1411;2022.05.18 23:00;4;21.25;-200;-200;0;206;0;
1412;2022.05.18 23:15;4;21.25;-200;-200;0;206;0;
1413;2022.05.18 23:30;4;21.3125;-200;-200;0;206;0;
1414;2022.05.18 23:45;4;21.3125;-200;-200;0;206;0;
1415;2022.05.19 00:00;4;21.3125;-200;-200;0;206;0;
1416;2022.05.19 00:15;4;21.3125;-200;-200;0;206;0;
1417;2022.05.19 00:30;4;21.3125;-200;-200;0;206;0;
1418;2022.05.19 00:45;4;21.3125;-200;-200;0;206;0;
1419;2022.05.19 01:00;4;21.3125;-200;-200;0;206;0;
1420;2022.05.19 01:15;4;21.3125;-200;-200;0;206;0;
1421;2022.05.19 01:30;4;21.3125;-200;-200;0;206;0;
1422;2022.05.19 01:45;4;21.3125;-200;-200;0;206;0;
1423;2022.05.19 02:00;4;21.3125;-200;-200;0;206;0;
1424;2022.05.19 02:15;4;21.3125;-200;-200;0;206;0;
1425;2022.05.19 02:30;4;21.3125;-200;-200;0;206;0;
1426;2022.05.19 02:45;4;21.3125;-200;-200;0;206;0;
1427;2022.05.19 03:00;4;21.3125;-200;-200;0;206;0;
1428;2022.05.19 03:15;4;21.3125;-200;-200;0;206;0;
1429;2022.05.19 03:30;4;21.3125;-200;-200;0;206;0;
1430;2022.05.19 03:45;4;21.3125;-200;-200;0;206;0;
1431;2022.05.19 04:00;4;21.3125;-200;-200;0;206;0;
1432;2022.05.19 04:15;4;21.3125;-200;-200;0;206;0;
1433;2022.05.19 04:30;4;21.3125;-200;-200;0;206;0;
1434;2022.05.19 04:45;4;21.3125;-200;-200;0;206;0;
1435;2022.05.19 05:00;4;21.25;-200;-200;0;206;0;
1436;2022.05.19 05:15;4;21.3125;-200;-200;0;206;0;
1437;2022.05.19 05:30;4;21.25;-200;-200;0;206;0;
1438;2022.05.19 05:45;4;21.25;-200;-200;0;206;0;
1439;2022.05.19 06:00;4;21.25;-200;-200;0;206;0;
1440;2022.05.19 06:15;4;21.25;-200;-200;0;206;0;
1441;2022.05.19 06:30;4;21.25;-200;-200;0;206;0;
1442;2022.05.19 06:45;4;21.25;-200;-200;0;206;0;
1443;2022.05.19 07:00;4;21.25;-200;-200;0;206;0;
1444;2022.05.19 07:15;4;21.1875;-200;-200;0;206;0;
1445;2022.05.19 07:30;4;21.1875;-200;-200;0;206;0;
1446;2022.05.19 07:45;4;21.1875;-200;-200;0;206;0;
1447;2022.05.19 08:00;4;21.1875;-200;-200;0;206;0;
1448;2022.05.19 08:15;4;21.125;-200;-200;0;206;0;
1449;2022.05.19 08:30;4;21.1875;-200;-200;0;206;0;
1450;2022.05.19 08:45;4;21.125;-200;-200;0;206;0;
1451;2022.05.19 09:00;4;21.125;-200;-200;0;206;0;
1452;2022.05.19 09:15;4;21.125;-200;-200;0;206;0;
1453;2022.05.19 09:30;4;21.125;-200;-200;0;206;0;
1454;2022.05.19 09:45;4;21.0625;-200;-200;0;206;0;
1455;2022.05.19 10:00;4;21.0625;-200;-200;0;206;0;
1456;2022.05.19 10:15;4;21.0625;-200;-200;0;206;0;
1457;2022.05.19 10:30;4;21.0625;-200;-200;0;206;0;
1458;2022.05.19 10:45;4;21.0625;-200;-200;0;206;0;
1459;2022.05.19 11:00;4;21.0625;-200;-200;0;206;0;
1460;2022.05.19 11:15;4;21;-200;-200;0;206;0;
1461;2022.05.19 11:30;4;21;-200;-200;0;206;0;
1462;2022.05.19 11:45;4;21;-200;-200;0;206;0;
1463;2022.05.19 12:00;4;21;-200;-200;0;206;0;
1464;2022.05.19 12:15;4;21;-200;-200;0;206;0;
1465;2022.05.19 12:30;4;21;-200;-200;0;206;0;
1466;2022.05.19 12:45;4;21;-200;-200;0;206;0;
1467;2022.05.19 13:00;4;21;-200;-200;0;206;0;
1468;2022.05.19 13:15;4;21;-200;-200;0;206;0;
1469;2022.05.19 13:30;4;20.9375;-200;-200;0;206;0;
1470;2022.05.19 13:45;4;21;-200;-200;0;206;0;
1471;2022.05.19 14:00;4;21;-200;-200;0;206;0;
1472;2022.05.19 14:15;4;21;-200;-200;0;206;0;
1473;2022.05.19 14:30;4;21;-200;-200;0;206;0;
1474;2022.05.19 14:45;4;21;-200;-200;0;206;0;
1475;2022.05.19 15:00;4;21;-200;-200;0;206;0;
1476;2022.05.19 15:15;4;21;-200;-200;0;206;0;
1477;2022.05.19 15:30;4;21;-200;-200;0;206;0;
1478;2022.05.19 15:45;4;21;-200;-200;0;206;0;
1479;2022.05.19 16:00;4;21.0625;-200;-200;0;206;0;
1480;2022.05.19 16:15;4;21.0625;-200;-200;0;206;0;
1481;2022.05.19 16:30;4;21.0625;-200;-200;0;206;0;
1482;2022.05.19 16:45;4;21.125;-200;-200;0;206;0;
1483;2022.05.19 17:00;4;21.125;-200;-200;0;206;0;
1484;2022.05.19 17:15;4;21.125;-200;-200;0;206;0;
1485;2022.05.19 17:30;4;21.1875;-200;-200;0;206;0;
1486;2022.05.19 17:45;4;21.1875;-200;-200;0;206;0;
1487;2022.05.19 18:00;4;21.1875;-200;-200;0;206;0;
1488;2022.05.19 18:15;4;21.25;-200;-200;0;206;0;
1489;2022.05.19 18:30;4;21.25;-200;-200;0;206;0;
1490;2022.05.19 18:45;4;21.3125;-200;-200;0;206;0;
1491;2022.05.19 19:00;4;21.3125;-200;-200;0;206;0;
1492;2022.05.19 19:15;4;21.3125;-200;-200;0;206;0;
1493;2022.05.19 19:30;4;21.375;-200;-200;0;206;0;
1494;2022.05.19 19:45;4;21.375;-200;-200;0;206;0;
1495;2022.05.19 20:00;4;21.4375;-200;-200;0;206;0;
1496;2022.05.19 20:15;4;21.4375;-200;-200;0;206;0;
1497;2022.05.19 20:30;4;21.5;-200;-200;0;206;0;
1498;2022.05.19 20:45;4;21.5;-200;-200;0;206;0;
1499;2022.05.19 21:00;4;21.5;-200;-200;0;206;0;
1500;2022.05.19 21:15;4;21.5625;-200;-200;0;206;0;
1501;2022.05.19 21:30;4;21.5625;-200;-200;0;206;0;
1502;2022.05.19 21:45;4;21.625;-200;-200;0;206;0;
1503;2022.05.19 22:00;4;21.625;-200;-200;0;206;0;
1504;2022.05.19 22:15;4;21.625;-200;-200;0;206;0;
1505;2022.05.19 22:30;4;21.6875;-200;-200;0;206;0;
1506;2022.05.19 22:45;4;21.6875;-200;-200;0;206;0;
1507;2022.05.19 23:00;4;21.6875;-200;-200;0;206;0;
1508;2022.05.19 23:15;4;21.75;-200;-200;0;206;0;
1509;2022.05.19 23:30;4;21.75;-200;-200;0;206;0;
1510;2022.05.19 23:45;4;21.75;-200;-200;0;206;0;
1511;2022.05.20 00:00;4;21.8125;-200;-200;0;206;0;
1512;2022.05.20 00:15;4;21.8125;-200;-200;0;206;0;
1513;2022.05.20 00:30;4;21.8125;-200;-200;0;206;0;
1514;2022.05.20 00:45;4;21.8125;-200;-200;0;206;0;
1515;2022.05.20 01:00;4;21.875;-200;-200;0;206;0;
1516;2022.05.20 01:15;4;21.875;-200;-200;0;206;0;
1517;2022.05.20 01:30;4;21.875;-200;-200;0;206;0;
1518;2022.05.20 01:45;4;21.875;-200;-200;0;206;0;
1519;2022.05.20 02:00;4;21.875;-200;-200;0;206;0;
1520;2022.05.20 02:15;4;21.875;-200;-200;0;206;0;
1521;2022.05.20 02:30;4;21.875;-200;-200;0;206;0;
1522;2022.05.20 02:45;4;21.875;-200;-200;0;206;0;
1523;2022.05.20 03:00;4;21.875;-200;-200;0;206;0;
1524;2022.05.20 03:15;4;21.875;-200;-200;0;206;0;
1525;2022.05.20 03:30;4;21.875;-200;-200;0;206;0;
1526;2022.05.20 03:45;4;21.875;-200;-200;0;206;0;
1527;2022.05.20 04:00;4;21.875;-200;-200;0;206;0;
1528;2022.05.20 04:15;4;21.875;-200;-200;0;206;0;
1529;2022.05.20 04:30;4;21.875;-200;-200;0;206;0;
1530;2022.05.20 04:45;4;21.8125;-200;-200;0;206;0;
1531;2022.05.20 05:00;4;21.8125;-200;-200;0;206;0;
1532;2022.05.20 05:15;4;21.8125;-200;-200;0;206;0;
1533;2022.05.20 05:30;4;21.8125;-200;-200;0;206;0;
1534;2022.05.20 05:45;4;21.75;-200;-200;0;206;0;
1535;2022.05.20 06:00;4;21.75;-200;-200;0;206;0;
1536;2022.05.20 06:15;4;21.75;-200;-200;0;206;0;
1537;2022.05.20 06:30;4;21.75;-200;-200;0;206;0;
1538;2022.05.20 06:45;4;21.75;-200;-200;0;206;0;
1539;2022.05.20 07:00;4;21.6875;-200;-200;0;206;0;
1540;2022.05.20 07:15;4;21.6875;-200;-200;0;206;0;
1541;2022.05.20 07:30;4;21.6875;-200;-200;0;206;0;
1542;2022.05.20 07:45;4;21.625;-200;-200;0;206;0;
1543;2022.05.20 08:00;4;21.625;-200;-200;0;206;0;
1544;2022.05.20 08:15;4;21.625;-200;-200;0;206;0;
1545;2022.05.20 08:30;4;21.625;-200;-200;0;206;0;
1546;2022.05.20 08:45;4;21.625;-200;-200;0;206;0;
1547;2022.05.20 09:00;4;21.625;-200;-200;0;206;0;
1548;2022.05.20 09:15;4;21.625;-200;-200;0;206;0;
1549;2022.05.20 09:30;4;21.5625;-200;-200;0;206;0;
1550;2022.05.20 09:45;4;21.5625;-200;-200;0;206;0;
1551;2022.05.20 10:00;4;21.5625;-200;-200;0;206;0;
1552;2022.05.20 10:15;4;21.5625;-200;-200;0;206;0;
1553;2022.05.20 10:30;4;21.5;-200;-200;0;206;0;
1554;2022.05.20 10:45;4;21.5625;-200;-200;0;206;0;
1555;2022.05.20 11:00;4;21.5;-200;-200;0;206;0;
1556;2022.05.20 11:15;4;21.5;-200;-200;0;206;0;
1557;2022.05.20 11:30;4;21.5;-200;-200;0;206;0;
1558;2022.05.20 11:45;4;21.5;-200;-200;0;206;0;
1559;2022.05.20 12:00;4;21.5;-200;-200;0;206;0;
1560;2022.05.20 12:15;4;21.5;-200;-200;0;206;0;
1561;2022.05.20 12:30;4;21.5;-200;-200;0;206;0;
1562;2022.05.20 12:45;4;21.4375;-200;-200;0;206;0;
1563;2022.05.20 13:00;4;21.5;-200;-200;0;206;0;
1564;2022.05.20 13:15;4;21.5;-200;-200;0;206;0;
1565;2022.05.20 13:30;4;21.5;-200;-200;0;206;0;
1566;2022.05.20 13:45;4;21.5;-200;-200;0;206;0;
1567;2022.05.20 14:00;4;21.5;-200;-200;0;206;0;
1568;2022.05.20 14:15;4;21.5;-200;-200;0;206;0;
1569;2022.05.20 14:30;4;21.5;-200;-200;0;206;0;
1570;2022.05.20 14:45;4;21.5625;-200;-200;0;206;0;
1571;2022.05.20 15:00;4;21.5625;-200;-200;0;206;0;
1572;2022.05.20 15:15;4;21.5625;-200;-200;0;206;0;
1573;2022.05.20 15:30;4;21.5625;-200;-200;0;206;0;
1574;2022.05.20 15:45;4;21.625;-200;-200;0;206;0;
1575;2022.05.20 16:00;4;21.625;-200;-200;0;206;0;
1576;2022.05.20 16:15;4;21.625;-200;-200;0;206;0;
1577;2022.05.20 16:30;4;21.625;-200;-200;0;206;0;
1578;2022.05.20 16:45;4;21.6875;-200;-200;0;206;0;
1579;2022.05.20 17:00;4;21.6875;-200;-200;0;206;0;
1580;2022.05.20 17:15;4;21.75;-200;-200;0;206;0;
1581;2022.05.20 17:30;4;21.75;-200;-200;0;206;0;
1582;2022.05.20 17:45;4;21.75;-200;-200;0;206;0;
1583;2022.05.20 18:00;4;21.8125;-200;-200;0;206;0;
1584;2022.05.20 18:15;4;21.8125;-200;-200;0;206;0;
1585;2022.05.20 18:30;4;21.875;-200;-200;0;206;0;
1586;2022.05.20 18:45;4;21.875;-200;-200;0;206;0;
1587;2022.05.20 19:00;4;21.9375;-200;-200;0;206;0;
1588;2022.05.20 19:15;4;21.9375;-200;-200;0;206;0;
1589;2022.05.20 19:30;4;22;-200;-200;0;206;0;
1590;2022.05.20 19:45;4;22.0625;-200;-200;0;206;0;
1591;2022.05.20 20:00;4;22.0625;-200;-200;0;206;0;
1592;2022.05.20 20:15;4;22.0625;-200;-200;0;206;0;
1593;2022.05.20 20:30;4;22.0625;-200;-200;0;206;0;
1594;2022.05.20 20:45;4;22.125;-200;-200;0;206;0;
1595;2022.05.20 21:00;4;22.125;-200;-200;0;206;0;
1596;2022.05.20 21:15;4;22.125;-200;-200;0;206;0;
1597;2022.05.20 21:30;4;22.125;-200;-200;0;206;0;
1598;2022.05.20 21:45;4;22.125;-200;-200;0;206;0;
1599;2022.05.20 22:00;4;22.1875;-200;-200;0;206;0;
1600;2022.05.20 22:15;4;22.1875;-200;-200;0;206;0;
1601;2022.05.20 22:30;4;22.1875;-200;-200;0;206;0;
1602;2022.05.20 22:45;4;22.1875;-200;-200;0;206;0;
1603;2022.05.20 23:00;4;22.1875;-200;-200;0;206;0;
1604;2022.05.20 23:15;4;22.1875;-200;-200;0;206;0;
1605;2022.05.20 23:30;4;22.1875;-200;-200;0;206;0;
1606;2022.05.20 23:45;4;22.25;-200;-200;0;206;0;
1607;2022.05.21 00:00;4;22.25;-200;-200;0;206;0;
1608;2022.05.21 00:15;4;22.25;-200;-200;0;206;0;
1609;2022.05.21 00:30;4;22.25;-200;-200;0;206;0;
1610;2022.05.21 00:45;4;22.3125;-200;-200;0;206;0;
1611;2022.05.21 01:00;4;22.3125;-200;-200;0;206;0;
1612;2022.05.21 01:15;4;22.3125;-200;-200;0;206;0;
1613;2022.05.21 01:30;4;22.3125;-200;-200;0;206;0;
1614;2022.05.21 01:45;4;22.3125;-200;-200;0;206;0;
1615;2022.05.21 02:00;4;22.3125;-200;-200;0;206;0;
1616;2022.05.21 02:15;4;22.3125;-200;-200;0;206;0;
1617;2022.05.21 02:30;4;22.375;-200;-200;0;206;0;
1618;2022.05.21 02:45;4;22.375;-200;-200;0;206;0;
1619;2022.05.21 03:00;4;22.375;-200;-200;0;206;0;
1620;2022.05.21 03:15;4;22.375;-200;-200;0;206;0;
1621;2022.05.21 03:30;4;22.375;-200;-200;0;206;0;
1622;2022.05.21 03:45;4;22.375;-200;-200;0;206;0;
1623;2022.05.21 04:00;4;22.4375;-200;-200;0;206;0;
1624;2022.05.21 04:15;4;22.4375;-200;-200;0;206;0;
1625;2022.05.21 04:30;4;22.375;-200;-200;0;206;0;
1626;2022.05.21 04:45;4;22.4375;-200;-200;0;206;0;
1627;2022.05.21 05:00;4;22.4375;-200;-200;0;206;0;
1628;2022.05.21 05:15;4;22.4375;-200;-200;0;206;0;
1629;2022.05.21 05:30;4;22.4375;-200;-200;0;206;0;
1630;2022.05.21 05:45;4;22.4375;-200;-200;0;206;0;
1631;2022.05.21 06:00;4;22.4375;-200;-200;0;206;0;
1632;2022.05.21 06:15;4;22.4375;-200;-200;0;206;0;
1633;2022.05.21 06:30;4;22.4375;-200;-200;0;206;0;
1634;2022.05.21 06:45;4;22.4375;-200;-200;0;206;0;
1635;2022.05.21 07:00;4;22.4375;-200;-200;0;206;0;
1636;2022.05.21 07:15;4;22.4375;-200;-200;0;206;0;
1637;2022.05.21 07:30;4;22.4375;-200;-200;0;206;0;
1638;2022.05.21 07:45;4;22.4375;-200;-200;0;206;0;
1639;2022.05.21 08:00;4;22.4375;-200;-200;0;206;0;
1640;2022.05.21 08:15;4;22.4375;-200;-200;0;206;0;
1641;2022.05.21 08:30;4;22.4375;-200;-200;0;206;0;
1642;2022.05.21 08:45;4;22.4375;-200;-200;0;206;0;
1643;2022.05.21 09:00;4;22.4375;-200;-200;0;206;0;
1644;2022.05.21 09:15;4;22.4375;-200;-200;0;206;0;
1645;2022.05.21 09:30;4;22.4375;-200;-200;0;206;0;
1646;2022.05.21 09:45;4;22.4375;-200;-200;0;206;0;
1647;2022.05.21 10:00;4;22.4375;-200;-200;0;206;0;
1648;2022.05.21 10:15;4;22.4375;-200;-200;0;206;0;
1649;2022.05.21 10:30;4;22.4375;-200;-200;0;206;0;
1650;2022.05.21 10:45;4;22.375;-200;-200;0;206;0;
1651;2022.05.21 11:00;4;22.375;-200;-200;0;206;0;
1652;2022.05.21 11:15;4;22.375;-200;-200;0;206;0;
1653;2022.05.21 11:30;4;22.375;-200;-200;0;206;0;
1654;2022.05.21 11:45;4;22.375;-200;-200;0;206;0;
1655;2022.05.21 12:00;4;22.375;-200;-200;0;206;0;
1656;2022.05.21 12:15;4;22.375;-200;-200;0;206;0;
1657;2022.05.21 12:30;4;22.4375;-200;-200;0;206;0;
1658;2022.05.21 12:45;4;22.375;-200;-200;0;206;0;
1659;2022.05.21 13:00;4;22.4375;-200;-200;0;206;0;
1660;2022.05.21 13:15;4;22.4375;-200;-200;0;206;0;
1661;2022.05.21 13:30;4;22.4375;-200;-200;0;206;0;
1662;2022.05.21 13:45;4;22.4375;-200;-200;0;206;0;
1663;2022.05.21 14:00;4;22.4375;-200;-200;0;206;0;
1664;2022.05.21 14:15;4;22.4375;-200;-200;0;206;0;
1665;2022.05.21 14:30;4;22.5;-200;-200;0;206;0;
1666;2022.05.21 14:45;4;22.4375;-200;-200;0;206;0;
1667;2022.05.21 15:00;4;22.5;-200;-200;0;206;0;
1668;2022.05.21 15:15;4;22.5;-200;-200;0;206;0;
1669;2022.05.21 15:30;4;22.5;-200;-200;0;206;0;
1670;2022.05.21 15:45;4;22.5;-200;-200;0;206;0;
1671;2022.05.21 16:00;4;22.5;-200;-200;0;206;0;
1672;2022.05.21 16:15;4;22.5;-200;-200;0;206;0;
1673;2022.05.21 16:30;4;22.5;-200;-200;0;206;0;
1674;2022.05.21 16:45;4;22.5;-200;-200;0;206;0;
1675;2022.05.21 17:00;4;22.5625;-200;-200;0;206;0;
1676;2022.05.21 17:15;4;22.5625;-200;-200;0;206;0;
1677;2022.05.21 17:30;4;22.5625;-200;-200;0;206;0;
1678;2022.05.21 17:45;4;22.5625;-200;-200;0;206;0;
1679;2022.05.21 18:00;4;22.5625;-200;-200;0;206;0;
1680;2022.05.21 18:15;4;22.5625;-200;-200;0;206;0;
1681;2022.05.21 18:30;4;22.5625;-200;-200;0;206;0;
1682;2022.05.21 18:45;4;22.5625;-200;-200;0;206;0;
1683;2022.05.21 19:00;4;22.625;-200;-200;0;206;0;
1684;2022.05.21 19:15;4;22.625;-200;-200;0;206;0;
1685;2022.05.21 19:30;4;22.625;-200;-200;0;206;0;
1686;2022.05.21 19:45;4;22.625;-200;-200;0;206;0;
1687;2022.05.21 20:00;4;22.625;-200;-200;0;206;0;
1688;2022.05.21 20:15;4;22.625;-200;-200;0;206;0;
1689;2022.05.21 20:30;4;22.625;-200;-200;0;206;0;
1690;2022.05.21 20:45;4;22.625;-200;-200;0;206;0;
1691;2022.05.21 21:00;4;22.625;-200;-200;0;206;0;
1692;2022.05.21 21:15;4;22.625;-200;-200;0;206;0;
1693;2022.05.21 21:30;4;22.625;-200;-200;0;206;0;
1694;2022.05.21 21:45;4;22.625;-200;-200;0;206;0;
1695;2022.05.21 22:00;4;22.625;-200;-200;0;206;0;
1696;2022.05.21 22:15;4;22.625;-200;-200;0;206;0;
1697;2022.05.21 22:30;4;22.625;-200;-200;0;206;0;
1698;2022.05.21 22:45;4;22.625;-200;-200;0;206;0;
1699;2022.05.21 23:00;4;22.5625;-200;-200;0;206;0;
1700;2022.05.21 23:15;4;22.625;-200;-200;0;206;0;
1701;2022.05.21 23:30;4;22.5625;-200;-200;0;206;0;
1702;2022.05.21 23:45;4;22.5625;-200;-200;0;206;0;
1703;2022.05.22 00:00;4;22.5625;-200;-200;0;206;0;
1704;2022.05.22 00:15;4;22.5625;-200;-200;0;206;0;
1705;2022.05.22 00:30;4;22.5625;-200;-200;0;206;0;
1706;2022.05.22 00:45;4;22.5625;-200;-200;0;206;0;
1707;2022.05.22 01:00;4;22.5625;-200;-200;0;206;0;
1708;2022.05.22 01:15;4;22.5625;-200;-200;0;206;0;
1709;2022.05.22 01:30;4;22.5625;-200;-200;0;206;0;
1710;2022.05.22 01:45;4;22.5625;-200;-200;0;206;0;
1711;2022.05.22 02:00;4;22.5625;-200;-200;0;206;0;
1712;2022.05.22 02:15;4;22.5625;-200;-200;0;206;0;
1713;2022.05.22 02:30;4;22.5625;-200;-200;0;206;0;
1714;2022.05.22 02:45;4;22.5625;-200;-200;0;206;0;
1715;2022.05.22 03:00;4;22.5625;-200;-200;0;206;0;
1716;2022.05.22 03:15;4;22.625;-200;-200;0;206;0;
1717;2022.05.22 03:30;4;22.5625;-200;-200;0;206;0;
1718;2022.05.22 03:45;4;22.5625;-200;-200;0;206;0;
1719;2022.05.22 04:00;4;22.5625;-200;-200;0;206;0;
1720;2022.05.22 04:15;4;22.5625;-200;-200;0;206;0;
1721;2022.05.22 04:30;4;22.5625;-200;-200;0;206;0;
1722;2022.05.22 04:45;4;22.5625;-200;-200;0;206;0;
1723;2022.05.22 05:00;4;22.625;-200;-200;0;206;0;
1724;2022.05.22 05:15;4;22.625;-200;-200;0;206;0;
1725;2022.05.22 05:30;4;22.5625;-200;-200;0;206;0;
1726;2022.05.22 05:45;4;22.625;-200;-200;0;206;0;
1727;2022.05.22 06:00;4;22.625;-200;-200;0;206;0;
1728;2022.05.22 06:15;4;22.625;-200;-200;0;206;0;
1729;2022.05.22 06:30;4;22.625;-200;-200;0;206;0;
1730;2022.05.22 06:45;4;22.625;-200;-200;0;206;0;
1731;2022.05.22 07:00;4;22.625;-200;-200;0;206;0;
1732;2022.05.22 07:15;4;22.625;-200;-200;0;206;0;
1733;2022.05.22 07:30;4;22.625;-200;-200;0;206;0;
1734;2022.05.22 07:45;4;22.625;-200;-200;0;206;0;
1735;2022.05.22 08:00;4;22.625;-200;-200;0;206;0;
1736;2022.05.22 08:15;4;22.625;-200;-200;0;206;0;
1737;2022.05.22 08:30;4;22.625;-200;-200;0;206;0;
1738;2022.05.22 08:45;4;22.625;-200;-200;0;206;0;
1739;2022.05.22 09:00;4;22.5625;-200;-200;0;206;0;
1740;2022.05.22 09:15;4;22.5625;-200;-200;0;206;0;
1741;2022.05.22 09:30;4;22.5625;-200;-200;0;206;0;
1742;2022.05.22 09:45;4;22.5625;-200;-200;0;206;0;
1743;2022.05.22 10:00;4;22.5625;-200;-200;0;206;0;
1744;2022.05.22 10:15;4;22.5625;-200;-200;0;206;0;
1745;2022.05.22 10:30;4;22.5625;-200;-200;0;206;0;
1746;2022.05.22 10:45;4;22.5;-200;-200;0;206;0;
1747;2022.05.22 11:00;4;22.5;-200;-200;0;206;0;
1748;2022.05.22 11:15;4;22.5;-200;-200;0;206;0;
1749;2022.05.22 11:30;4;22.5;-200;-200;0;206;0;
1750;2022.05.22 11:45;4;22.5;-200;-200;0;206;0;
1751;2022.05.22 12:00;4;22.5;-200;-200;0;206;0;
1752;2022.05.22 12:15;4;22.5;-200;-200;0;206;0;
1753;2022.05.22 12:30;4;22.5;-200;-200;0;206;0;
1754;2022.05.22 12:45;4;22.5;-200;-200;0;206;0;
1755;2022.05.22 13:00;4;22.5;-200;-200;0;206;0;
1756;2022.05.22 13:15;4;22.5;-200;-200;0;206;0;
1757;2022.05.22 13:30;4;22.5;-200;-200;0;206;0;
1758;2022.05.22 13:45;4;22.5;-200;-200;0;206;0;
1759;2022.05.22 14:00;4;22.5;-200;-200;0;206;0;
1760;2022.05.22 14:15;4;22.5625;-200;-200;0;206;0;
1761;2022.05.22 14:30;4;22.5625;-200;-200;0;206;0;
1762;2022.05.22 14:45;4;22.5625;-200;-200;0;206;0;
1763;2022.05.22 15:00;4;22.5625;-200;-200;0;206;0;
1764;2022.05.22 15:15;4;22.5625;-200;-200;0;206;0;
1765;2022.05.22 15:30;4;22.5625;-200;-200;0;206;0;
1766;2022.05.22 15:45;4;22.5625;-200;-200;0;206;0;
1767;2022.05.22 16:00;4;22.5625;-200;-200;0;206;0;
1768;2022.05.22 16:15;4;22.5625;-200;-200;0;206;0;
1769;2022.05.22 16:30;4;22.5625;-200;-200;0;206;0;
1770;2022.05.22 16:45;4;22.5625;-200;-200;0;206;0;
1771;2022.05.22 17:00;4;22.625;-200;-200;0;206;0;
1772;2022.05.22 17:15;4;22.625;-200;-200;0;206;0;
1773;2022.05.22 17:30;4;22.625;-200;-200;0;206;0;
1774;2022.05.22 17:45;4;22.625;-200;-200;0;206;0;
1775;2022.05.22 18:00;4;22.625;-200;-200;0;206;0;
1776;2022.05.22 18:15;4;22.625;-200;-200;0;206;0;
1777;2022.05.22 18:30;4;22.625;-200;-200;0;206;0;
1778;2022.05.22 18:45;4;22.625;-200;-200;0;206;0;
1779;2022.05.22 19:00;4;22.625;-200;-200;0;206;0;
1780;2022.05.22 19:15;4;22.6875;-200;-200;0;206;0;
1781;2022.05.22 19:30;4;22.625;-200;-200;0;206;0;
1782;2022.05.22 19:45;4;22.6875;-200;-200;0;206;0;
1783;2022.05.22 20:00;4;22.6875;-200;-200;0;206;0;
1784;2022.05.22 20:15;4;22.6875;-200;-200;0;206;0;
1785;2022.05.22 20:30;4;22.6875;-200;-200;0;206;0;
1786;2022.05.22 20:45;4;22.6875;-200;-200;0;206;0;
1787;2022.05.22 21:00;4;22.6875;-200;-200;0;206;0;
1788;2022.05.22 21:15;4;22.6875;-200;-200;0;206;0;
1789;2022.05.22 21:30;4;22.6875;-200;-200;0;206;0;
1790;2022.05.22 21:45;4;22.6875;-200;-200;0;206;0;
1791;2022.05.22 22:00;4;22.6875;-200;-200;0;206;0;
1792;2022.05.22 22:15;4;22.625;-200;-200;0;206;0;
1793;2022.05.22 22:30;4;22.625;-200;-200;0;206;0;
1794;2022.05.22 22:45;4;22.625;-200;-200;0;206;0;
1795;2022.05.22 23:00;4;22.625;-200;-200;0;206;0;
1796;2022.05.22 23:15;4;22.625;-200;-200;0;206;0;
1797;2022.05.22 23:30;4;22.625;-200;-200;0;206;0;
1798;2022.05.22 23:45;4;22.625;-200;-200;0;206;0;
1799;2022.05.23 00:00;4;22.625;-200;-200;0;206;0;
1800;2022.05.23 00:15;4;22.625;-200;-200;0;206;0;
1801;2022.05.23 00:30;4;22.625;-200;-200;0;206;0;
1802;2022.05.23 00:45;4;22.625;-200;-200;0;206;0;
1803;2022.05.23 01:00;4;22.6875;-200;-200;0;206;0;
1804;2022.05.23 01:15;4;22.6875;-200;-200;0;206;0;
1805;2022.05.23 01:30;4;22.6875;-200;-200;0;206;0;
1806;2022.05.23 01:45;4;22.6875;-200;-200;0;206;0;
1807;2022.05.23 02:00;4;22.6875;-200;-200;0;206;0;
1808;2022.05.23 02:15;4;22.6875;-200;-200;0;206;0;
1809;2022.05.23 02:30;4;22.6875;-200;-200;0;206;0;
1810;2022.05.23 02:45;4;22.6875;-200;-200;0;206;0;
1811;2022.05.23 03:00;4;22.6875;-200;-200;0;206;0;
1812;2022.05.23 03:15;4;22.6875;-200;-200;0;206;0;
1813;2022.05.23 03:30;4;22.6875;-200;-200;0;206;0;
1814;2022.05.23 03:45;4;22.6875;-200;-200;0;206;0;
1815;2022.05.23 04:00;4;22.6875;-200;-200;0;206;0;
1816;2022.05.23 04:15;4;22.6875;-200;-200;0;206;0;
1817;2022.05.23 04:30;4;22.6875;-200;-200;0;206;0;
1818;2022.05.23 04:45;4;22.6875;-200;-200;0;206;0;
1819;2022.05.23 05:00;4;22.6875;-200;-200;0;206;0;
1820;2022.05.23 05:15;4;22.6875;-200;-200;0;206;0;
1821;2022.05.23 05:30;4;22.6875;-200;-200;0;206;0;
1822;2022.05.23 05:45;4;22.6875;-200;-200;0;206;0;
1823;2022.05.23 06:00;4;22.6875;-200;-200;0;206;0;
1824;2022.05.23 06:15;4;22.6875;-200;-200;0;206;0;
1825;2022.05.23 06:30;4;22.625;-200;-200;0;206;0;
1826;2022.05.23 06:45;4;22.625;-200;-200;0;206;0;
1827;2022.05.23 07:00;4;22.625;-200;-200;0;206;0;
1828;2022.05.23 07:15;4;22.625;-200;-200;0;206;0;
1829;2022.05.23 07:30;4;22.625;-200;-200;0;206;0;
1830;2022.05.23 07:45;4;22.625;-200;-200;0;206;0;
1831;2022.05.23 08:00;4;22.625;-200;-200;0;206;0;
1832;2022.05.23 08:15;4;22.5625;-200;-200;0;206;0;
1833;2022.05.23 08:30;4;22.5625;-200;-200;0;206;0;
1834;2022.05.23 08:45;4;22.5625;-200;-200;0;206;0;
1835;2022.05.23 09:00;4;22.5625;-200;-200;0;206;0;
1836;2022.05.23 09:15;4;22.5;-200;-200;0;206;0;
1837;2022.05.23 09:30;4;22.5;-200;-200;0;206;0;
1838;2022.05.23 09:45;4;22.5;-200;-200;0;206;0;
1839;2022.05.23 10:00;4;22.4375;-200;-200;0;206;0;
1840;2022.05.23 10:15;4;22.4375;-200;-200;0;206;0;
1841;2022.05.23 10:30;4;22.4375;-200;-200;0;206;0;
1842;2022.05.23 10:45;4;22.4375;-200;-200;0;206;0;
1843;2022.05.23 11:00;4;22.375;-200;-200;0;206;0;
1844;2022.05.23 11:15;4;22.375;-200;-200;0;206;0;
1845;2022.05.23 11:30;4;22.3125;-200;-200;0;206;0;
1846;2022.05.23 11:45;4;22.3125;-200;-200;0;206;0;
1847;2022.05.23 12:00;4;22.3125;-200;-200;0;206;0;
1848;2022.05.23 12:15;4;22.3125;-200;-200;0;206;0;
1849;2022.05.23 12:30;4;22.3125;-200;-200;0;206;0;
1850;2022.05.23 12:45;4;22.25;-200;-200;0;206;0;
1851;2022.05.23 13:00;4;22.25;-200;-200;0;206;0;
1852;2022.05.23 13:15;4;22.25;-200;-200;0;206;0;
1853;2022.05.23 13:30;4;22.25;-200;-200;0;206;0;
1854;2022.05.23 13:45;4;22.25;-200;-200;0;206;0;
1855;2022.05.23 14:00;4;22.25;-200;-200;0;206;0;
1856;2022.05.23 14:15;4;22.25;-200;-200;0;206;0;
1857;2022.05.23 14:30;4;22.1875;-200;-200;0;206;0;
1858;2022.05.23 14:45;4;22.1875;-200;-200;0;206;0;
1859;2022.05.23 15:00;4;22.1875;-200;-200;0;206;0;
1860;2022.05.23 15:15;4;22.1875;-200;-200;0;206;0;
1861;2022.05.23 15:30;4;22.1875;-200;-200;0;206;0;
1862;2022.05.23 15:45;4;22.1875;-200;-200;0;206;0;
1863;2022.05.23 16:00;4;22.1875;-200;-200;0;206;0;
1864;2022.05.23 16:15;4;22.1875;-200;-200;0;206;0;
1865;2022.05.23 16:30;4;22.1875;-200;-200;0;206;0;
1866;2022.05.23 16:45;4;22.1875;-200;-200;0;206;0;
1867;2022.05.23 17:00;4;22.1875;-200;-200;0;206;0;
1868;2022.05.23 17:15;4;22.1875;-200;-200;0;206;0;
1869;2022.05.23 17:30;4;22.1875;-200;-200;0;206;0;
1870;2022.05.23 17:45;4;22.1875;-200;-200;0;206;0;
1871;2022.05.23 18:00;4;22.1875;-200;-200;0;206;0;
1872;2022.05.23 18:15;4;22.1875;-200;-200;0;206;0;
1873;2022.05.23 18:30;4;22.1875;-200;-200;0;206;0;
1874;2022.05.23 18:45;4;22.1875;-200;-200;0;206;0;
1875;2022.05.23 19:00;4;22.1875;-200;-200;0;206;0;
1876;2022.05.23 19:15;4;22.1875;-200;-200;0;206;0;
1877;2022.05.23 19:30;4;22.1875;-200;-200;0;206;0;
1878;2022.05.23 19:45;4;22.1875;-200;-200;0;206;0;
1879;2022.05.23 20:00;4;22.1875;-200;-200;0;206;0;
1880;2022.05.23 20:15;4;22.1875;-200;-200;0;206;0;
1881;2022.05.23 20:30;4;22.1875;-200;-200;0;206;0;
1882;2022.05.23 20:45;4;22.1875;-200;-200;0;206;0;
1883;2022.05.23 21:00;4;22.1875;-200;-200;0;206;0;
1884;2022.05.23 21:15;4;22.1875;-200;-200;0;206;0;
1885;2022.05.23 21:30;4;22.1875;-200;-200;0;206;0;
1886;2022.05.23 21:45;4;22.25;-200;-200;0;206;0;
1887;2022.05.23 22:00;4;22.1875;-200;-200;0;206;0;
1888;2022.05.23 22:15;4;22.1875;-200;-200;0;206;0;
1889;2022.05.23 22:30;4;22.1875;-200;-200;0;206;0;
1890;2022.05.23 22:45;4;22.1875;-200;-200;0;206;0;
1891;2022.05.23 23:00;4;22.1875;-200;-200;0;206;0;
1892;2022.05.23 23:15;4;22.1875;-200;-200;0;206;0;
1893;2022.05.23 23:30;4;22.1875;-200;-200;0;206;0;
1894;2022.05.23 23:45;4;22.1875;-200;-200;0;206;0;
1895;2022.05.24 00:00;4;22.1875;-200;-200;0;206;0;
1896;2022.05.24 00:15;4;22.1875;-200;-200;0;206;0;
1897;2022.05.24 00:30;4;22.1875;-200;-200;0;206;0;
1898;2022.05.24 00:45;4;22.1875;-200;-200;0;206;0;
1899;2022.05.24 01:00;4;22.1875;-200;-200;0;206;0;
1900;2022.05.24 01:15;4;22.125;-200;-200;0;206;0;
1901;2022.05.24 01:30;4;22.125;-200;-200;0;206;0;
1902;2022.05.24 01:45;4;22.125;-200;-200;0;206;0;
1903;2022.05.24 02:00;4;22.125;-200;-200;0;206;0;
1904;2022.05.24 02:15;4;22.125;-200;-200;0;206;0;
1905;2022.05.24 02:30;4;22.0625;-200;-200;0;206;0;
1906;2022.05.24 02:45;4;22.0625;-200;-200;0;206;0;
1907;2022.05.24 03:00;4;22.0625;-200;-200;0;206;0;
1908;2022.05.24 03:15;4;22.0625;-200;-200;0;206;0;
1909;2022.05.24 03:30;4;22;-200;-200;0;206;0;
1910;2022.05.24 03:45;4;22;-200;-200;0;206;0;
1911;2022.05.24 04:00;4;22;-200;-200;0;206;0;
1912;2022.05.24 04:15;4;22;-200;-200;0;206;0;
1913;2022.05.24 04:30;4;21.9375;-200;-200;0;206;0;
1914;2022.05.24 04:45;4;21.9375;-200;-200;0;206;0;
1915;2022.05.24 05:00;4;21.9375;-200;-200;0;206;0;
1916;2022.05.24 05:15;4;21.875;-200;-200;0;206;0;
1917;2022.05.24 05:30;4;21.875;-200;-200;0;206;0;
1918;2022.05.24 05:45;4;21.875;-200;-200;0;206;0;
1919;2022.05.24 06:00;4;21.875;-200;-200;0;206;0;
1920;2022.05.24 06:15;4;21.875;-200;-200;0;206;0;
1921;2022.05.24 06:30;4;21.8125;-200;-200;0;206;0;
1922;2022.05.24 06:45;4;21.75;-200;-200;0;206;0;
1923;2022.05.24 07:00;4;21.75;-200;-200;0;206;0;
1924;2022.05.24 07:15;4;21.75;-200;-200;0;206;0;
1925;2022.05.24 07:30;4;21.6875;-200;-200;0;206;0;
1926;2022.05.24 07:45;4;21.6875;-200;-200;0;206;0;
1927;2022.05.24 08:00;4;21.625;-200;-200;0;206;0;
1928;2022.05.24 08:15;4;21.625;-200;-200;0;206;0;
1929;2022.05.24 08:30;4;21.625;-200;-200;0;206;0;
1930;2022.05.24 08:45;4;21.5625;-200;-200;0;206;0;
1931;2022.05.24 09:00;4;21.5625;-200;-200;0;206;0;
1932;2022.05.24 09:15;4;21.5625;-200;-200;0;206;0;
1933;2022.05.24 09:30;4;21.5;-200;-200;0;206;0;
1934;2022.05.24 09:45;4;21.5;-200;-200;0;206;0;
1935;2022.05.24 10:00;4;21.4375;-200;-200;0;206;0;
1936;2022.05.24 10:15;4;21.4375;-200;-200;0;206;0;
1937;2022.05.24 10:30;4;21.4375;-200;-200;0;206;0;
1938;2022.05.24 10:45;4;21.4375;-200;-200;0;206;0;
1939;2022.05.24 11:00;4;21.375;-200;-200;0;206;0;
1940;2022.05.24 11:15;4;21.375;-200;-200;0;206;0;
1941;2022.05.24 11:30;4;21.375;-200;-200;0;206;0;
1942;2022.05.24 11:45;4;21.3125;-200;-200;0;206;0;
1943;2022.05.24 12:00;4;21.3125;-200;-200;0;206;0;
1944;2022.05.24 12:15;4;21.3125;-200;-200;0;206;0;
1945;2022.05.24 12:30;4;21.25;-200;-200;0;206;0;
1946;2022.05.24 12:45;4;21.25;-200;-200;0;206;0;
1947;2022.05.24 13:00;4;21.25;-200;-200;0;206;0;
1948;2022.05.24 13:15;4;21.25;-200;-200;0;206;0;
1949;2022.05.24 13:30;4;21.1875;-200;-200;0;206;0;
1950;2022.05.24 13:45;4;21.1875;-200;-200;0;206;0;
1951;2022.05.24 14:00;4;21.1875;-200;-200;0;206;0;
1952;2022.05.24 14:15;4;21.1875;-200;-200;0;206;0;
1953;2022.05.24 14:30;4;21.125;-200;-200;0;206;0;
1954;2022.05.24 14:45;4;21.125;-200;-200;0;206;0;
1955;2022.05.24 15:00;4;21.125;-200;-200;0;206;0;
1956;2022.05.24 15:15;4;21.125;-200;-200;0;206;0;
1957;2022.05.24 15:30;4;21.125;-200;-200;0;206;0;
1958;2022.05.24 15:45;4;21.125;-200;-200;0;206;0;
1959;2022.05.24 16:00;4;21.125;-200;-200;0;206;0;
1960;2022.05.24 16:15;4;21.0625;-200;-200;0;206;0;
1961;2022.05.24 16:30;4;21.0625;-200;-200;0;206;0;
1962;2022.05.24 16:45;4;21.125;-200;-200;0;206;0;
1963;2022.05.24 17:00;4;21.125;-200;-200;0;206;0;
1964;2022.05.24 17:15;4;21.125;-200;-200;0;206;0;
1965;2022.05.24 17:30;4;21.125;-200;-200;0;206;0;
1966;2022.05.24 17:45;4;21.125;-200;-200;0;206;0;
1967;2022.05.24 18:00;4;21.125;-200;-200;0;206;0;
1968;2022.05.24 18:15;4;21.125;-200;-200;0;206;0;
1969;2022.05.24 18:30;4;21.125;-200;-200;0;206;0;
1970;2022.05.24 18:45;4;21.125;-200;-200;0;206;0;
1971;2022.05.24 19:00;4;21.125;-200;-200;0;206;0;
1972;2022.05.24 19:15;4;21.125;-200;-200;0;206;0;
1973;2022.05.24 19:30;4;21.125;-200;-200;0;206;0;
1974;2022.05.24 19:45;4;21.125;-200;-200;0;206;0;
1975;2022.05.24 20:00;4;21.1875;-200;-200;0;206;0;
1976;2022.05.24 20:15;4;21.1875;-200;-200;0;206;0;
1977;2022.05.24 20:30;4;21.1875;-200;-200;0;206;0;
1978;2022.05.24 20:45;4;21.1875;-200;-200;0;206;0;
1979;2022.05.24 21:00;4;21.1875;-200;-200;0;206;0;
1980;2022.05.24 21:15;4;21.1875;-200;-200;0;206;0;
1981;2022.05.24 21:30;4;21.1875;-200;-200;0;206;0;
1982;2022.05.24 21:45;4;21.25;-200;-200;0;206;0;
1983;2022.05.24 22:00;4;21.25;-200;-200;0;206;0;
1984;2022.05.24 22:15;4;21.25;-200;-200;0;206;0;
1985;2022.05.24 22:30;4;21.25;-200;-200;0;206;0;
1986;2022.05.24 22:45;4;21.25;-200;-200;0;206;0;
1987;2022.05.24 23:00;4;21.25;-200;-200;0;206;0;
1988;2022.05.24 23:15;4;21.25;-200;-200;0;206;0;
1989;2022.05.24 23:30;4;21.25;-200;-200;0;206;0;
1990;2022.05.24 23:45;4;21.25;-200;-200;0;206;0;
1991;2022.05.25 00:00;4;21.25;-200;-200;0;206;0;
1992;2022.05.25 00:15;4;21.25;-200;-200;0;206;0;
1993;2022.05.25 00:30;4;21.25;-200;-200;0;206;0;
1994;2022.05.25 00:45;4;21.25;-200;-200;0;206;0;
1995;2022.05.25 01:00;4;21.25;-200;-200;0;206;0;
1996;2022.05.25 01:15;4;21.25;-200;-200;0;206;0;
1997;2022.05.25 01:30;4;21.25;-200;-200;0;206;0;
1998;2022.05.25 01:45;4;21.25;-200;-200;0;206;0;
1999;2022.05.25 02:00;4;21.25;-200;-200;0;206;0;
2000;2022.05.25 02:15;4;21.1875;-200;-200;0;206;0;
2001;2022.05.25 02:30;4;21.1875;-200;-200;0;206;0;
2002;2022.05.25 02:45;4;21.1875;-200;-200;0;206;0;
2003;2022.05.25 03:00;4;21.1875;-200;-200;0;206;0;
2004;2022.05.25 03:15;4;21.125;-200;-200;0;206;0;
2005;2022.05.25 03:30;4;21.125;-200;-200;0;206;0;
2006;2022.05.25 03:45;4;21.125;-200;-200;0;206;0;
2007;2022.05.25 04:00;4;21.125;-200;-200;0;206;0;
2008;2022.05.25 04:15;4;21.125;-200;-200;0;206;0;
2009;2022.05.25 04:30;4;21.0625;-200;-200;0;206;0;
2010;2022.05.25 04:45;4;21.0625;-200;-200;0;206;0;
2011;2022.05.25 05:00;4;21.0625;-200;-200;0;206;0;
2012;2022.05.25 05:15;4;21;-200;-200;0;206;0;
2013;2022.05.25 05:30;4;21;-200;-200;0;206;0;
2014;2022.05.25 05:45;4;21;-200;-200;0;206;0;
2015;2022.05.25 06:00;4;20.9375;-200;-200;0;206;0;
2016;2022.05.25 06:15;4;20.9375;-200;-200;0;206;0;
2017;2022.05.25 06:30;4;20.9375;-200;-200;0;206;0;
2018;2022.05.25 06:45;4;20.9375;-200;-200;0;206;0;
2019;2022.05.25 07:00;4;20.875;-200;-200;0;206;0;
2020;2022.05.25 07:15;4;20.875;-200;-200;0;206;0;
2021;2022.05.25 07:30;4;20.875;-200;-200;0;206;0;
2022;2022.05.25 07:45;4;20.8125;-200;-200;0;206;0;
2023;2022.05.25 08:00;4;20.8125;-200;-200;0;206;0;
2024;2022.05.25 08:15;4;20.8125;-200;-200;0;206;0;
2025;2022.05.25 08:30;4;20.8125;-200;-200;0;206;0;
2026;2022.05.25 08:45;4;20.75;-200;-200;0;206;0;
2027;2022.05.25 09:00;4;20.75;-200;-200;0;206;0;
2028;2022.05.25 09:15;4;20.6875;-200;-200;0;206;0;
2029;2022.05.25 09:30;4;20.6875;-200;-200;0;206;0;
2030;2022.05.25 09:45;4;20.6875;-200;-200;0;206;0;
2031;2022.05.25 10:00;4;20.625;-200;-200;0;206;0;
2032;2022.05.25 10:15;4;20.625;-200;-200;0;206;0;
2033;2022.05.25 10:30;4;20.625;-200;-200;0;206;0;
2034;2022.05.25 10:45;4;20.5625;-200;-200;0;206;0;
2035;2022.05.25 11:00;4;20.5625;-200;-200;0;206;0;
2036;2022.05.25 11:15;4;20.5625;-200;-200;0;206;0;
2037;2022.05.25 11:30;4;20.5;-200;-200;0;206;0;
2038;2022.05.25 11:45;4;20.5;-200;-200;0;206;0;
2039;2022.05.25 12:00;4;20.5;-200;-200;0;206;0;
2040;2022.05.25 12:15;4;20.5;-200;-200;0;206;0;
2041;2022.05.25 12:30;4;20.5;-200;-200;0;206;0;
2042;2022.05.25 12:45;4;20.5;-200;-200;0;206;0;
2043;2022.05.25 13:00;4;20.5;-200;-200;0;206;0;
2044;2022.05.25 13:15;4;20.4375;-200;-200;0;206;0;
2045;2022.05.25 13:30;4;20.4375;-200;-200;0;206;0;
2046;2022.05.25 13:45;4;20.5;-200;-200;0;206;0;
2047;2022.05.25 14:00;4;20.5;-200;-200;0;206;0;
2048;2022.05.25 14:15;4;20.5;-200;-200;0;206;0;
2049;2022.05.25 14:30;4;20.5;-200;-200;0;206;0;
2050;2022.05.25 14:45;4;20.5;-200;-200;0;206;0;
2051;2022.05.25 15:00;4;20.5625;-200;-200;0;206;0;
2052;2022.05.25 15:15;4;20.625;-200;-200;0;206;0;
2053;2022.05.25 15:30;4;20.6875;-200;-200;0;206;0;
2054;2022.05.25 15:45;4;20.75;-200;-200;0;206;0;
2055;2022.05.25 16:00;4;20.875;-200;-200;0;206;0;
2056;2022.05.25 16:15;4;20.875;-200;-200;0;206;0;
2057;2022.05.25 16:30;4;21;-200;-200;0;206;0;
2058;2022.05.25 16:45;4;21.0625;-200;-200;0;206;0;
2059;2022.05.25 17:00;4;21.125;-200;-200;0;206;0;
2060;2022.05.25 17:15;4;21.1875;-200;-200;0;206;0;
2061;2022.05.25 17:30;4;21.25;-200;-200;0;206;0;
2062;2022.05.25 17:45;4;21.3125;-200;-200;0;206;0;
2063;2022.05.25 18:00;4;21.3125;-200;-200;0;206;0;
2064;2022.05.25 18:15;4;21.4375;-200;-200;0;206;0;
2065;2022.05.25 18:30;4;21.4375;-200;-200;0;206;0;
2066;2022.05.25 18:45;4;21.5;-200;-200;0;206;0;
2067;2022.05.25 19:00;4;21.5;-200;-200;0;206;0;
2068;2022.05.25 19:15;4;21.5;-200;-200;0;206;0;
2069;2022.05.25 19:30;4;21.5;-200;-200;0;206;0;
2070;2022.05.25 19:45;4;21.5;-200;-200;0;206;0;
2071;2022.05.25 20:00;4;21.5;-200;-200;0;206;0;
2072;2022.05.25 20:15;4;21.5;-200;-200;0;206;0;
2073;2022.05.25 20:30;4;21.4375;-200;-200;0;206;0;
2074;2022.05.25 20:45;4;21.4375;-200;-200;0;206;0;
2075;2022.05.25 21:00;4;21.4375;-200;-200;0;206;0;
2076;2022.05.25 21:15;4;21.4375;-200;-200;0;206;0;
2077;2022.05.25 21:30;4;21.4375;-200;-200;0;206;0;
2078;2022.05.25 21:45;4;21.4375;-200;-200;0;206;0;
2079;2022.05.25 22:00;4;21.375;-200;-200;0;206;0;
2080;2022.05.25 22:15;4;21.375;-200;-200;0;206;0;
2081;2022.05.25 22:30;4;21.375;-200;-200;0;206;0;
2082;2022.05.25 22:45;4;21.3125;-200;-200;0;206;0;
2083;2022.05.25 23:00;4;21.3125;-200;-200;0;206;0;
2084;2022.05.25 23:15;4;21.3125;-200;-200;0;206;0;
2085;2022.05.25 23:30;4;21.3125;-200;-200;0;206;0;
2086;2022.05.25 23:45;4;21.3125;-200;-200;0;206;0;
2087;2022.05.26 00:00;4;21.3125;-200;-200;0;206;0;
2088;2022.05.26 00:15;4;21.3125;-200;-200;0;206;0;
2089;2022.05.26 00:30;4;21.25;-200;-200;0;206;0;
2090;2022.05.26 00:45;4;21.25;-200;-200;0;206;0;
2091;2022.05.26 01:00;4;21.25;-200;-200;0;206;0;
2092;2022.05.26 01:15;4;21.25;-200;-200;0;206;0;
2093;2022.05.26 01:30;4;21.25;-200;-200;0;206;0;
2094;2022.05.26 01:45;4;21.25;-200;-200;0;206;0;
2095;2022.05.26 02:00;4;21.25;-200;-200;0;206;0;
2096;2022.05.26 02:15;4;21.1875;-200;-200;0;206;0;
2097;2022.05.26 02:30;4;21.1875;-200;-200;0;206;0;
2098;2022.05.26 02:45;4;21.1875;-200;-200;0;206;0;
2099;2022.05.26 03:00;4;21.1875;-200;-200;0;206;0;
2100;2022.05.26 03:15;4;21.1875;-200;-200;0;206;0;
2101;2022.05.26 03:30;4;21.1875;-200;-200;0;206;0;
2102;2022.05.26 03:45;4;21.1875;-200;-200;0;206;0;
2103;2022.05.26 04:00;4;21.125;-200;-200;0;206;0;
2104;2022.05.26 04:15;4;21.125;-200;-200;0;206;0;
2105;2022.05.26 04:30;4;21.125;-200;-200;0;206;0;
2106;2022.05.26 04:45;4;21.125;-200;-200;0;206;0;
2107;2022.05.26 05:00;4;21.125;-200;-200;0;206;0;
2108;2022.05.26 05:15;4;21.0625;-200;-200;0;206;0;
2109;2022.05.26 05:30;4;21.0625;-200;-200;0;206;0;
2110;2022.05.26 05:45;4;21.0625;-200;-200;0;206;0;
2111;2022.05.26 06:00;4;21.0625;-200;-200;0;206;0;
2112;2022.05.26 06:15;4;21;-200;-200;0;206;0;
2113;2022.05.26 06:30;4;21;-200;-200;0;206;0;
2114;2022.05.26 06:45;4;21;-200;-200;0;206;0;
2115;2022.05.26 07:00;4;21;-200;-200;0;206;0;
2116;2022.05.26 07:15;4;20.9375;-200;-200;0;206;0;
2117;2022.05.26 07:30;4;20.9375;-200;-200;0;206;0;
2118;2022.05.26 07:45;4;20.9375;-200;-200;0;206;0;
2119;2022.05.26 08:00;4;20.9375;-200;-200;0;206;0;
2120;2022.05.26 08:15;4;20.875;-200;-200;0;206;0;
2121;2022.05.26 08:30;4;20.875;-200;-200;0;206;0;
2122;2022.05.26 08:45;4;20.8125;-200;-200;0;206;0;
2123;2022.05.26 09:00;4;20.8125;-200;-200;0;206;0;
2124;2022.05.26 09:15;4;20.8125;-200;-200;0;206;0;
2125;2022.05.26 09:30;4;20.8125;-200;-200;0;206;0;
2126;2022.05.26 09:45;4;20.8125;-200;-200;0;206;0;
2127;2022.05.26 10:00;4;20.8125;-200;-200;0;206;0;
2128;2022.05.26 10:15;4;20.75;-200;-200;0;206;0;
2129;2022.05.26 10:30;4;20.75;-200;-200;0;206;0;
2130;2022.05.26 10:45;4;20.75;-200;-200;0;206;0;
2131;2022.05.26 11:00;4;20.6875;-200;-200;0;206;0;
2132;2022.05.26 11:15;4;20.6875;-200;-200;0;206;0;
2133;2022.05.26 11:30;4;20.6875;-200;-200;0;206;0;
2134;2022.05.26 11:45;4;20.6875;-200;-200;0;206;0;
2135;2022.05.26 12:00;4;20.6875;-200;-200;0;206;0;
2136;2022.05.26 12:15;4;20.6875;-200;-200;0;206;0;
2137;2022.05.26 12:30;4;20.6875;-200;-200;0;206;0;
2138;2022.05.26 12:45;4;20.6875;-200;-200;0;206;0;
2139;2022.05.26 13:00;4;20.6875;-200;-200;0;206;0;
2140;2022.05.26 13:15;4;20.6875;-200;-200;0;206;0;
2141;2022.05.26 13:30;4;20.6875;-200;-200;0;206;0;
2142;2022.05.26 13:45;4;20.6875;-200;-200;0;206;0;
2143;2022.05.26 14:00;4;20.6875;-200;-200;0;206;0;
2144;2022.05.26 14:15;4;20.6875;-200;-200;0;206;0;
2145;2022.05.26 14:30;4;20.6875;-200;-200;0;206;0;
2146;2022.05.26 14:45;4;20.6875;-200;-200;0;206;0;
2147;2022.05.26 15:00;4;20.75;-200;-200;0;206;0;
2148;2022.05.26 15:15;4;20.75;-200;-200;0;206;0;
2149;2022.05.26 15:30;4;20.75;-200;-200;0;206;0;
2150;2022.05.26 15:45;4;20.75;-200;-200;0;206;0;
2151;2022.05.26 16:00;4;20.75;-200;-200;0;206;0;
2152;2022.05.26 16:15;4;20.75;-200;-200;0;206;0;
2153;2022.05.26 16:30;4;20.75;-200;-200;0;206;0;
2154;2022.05.26 16:45;4;20.8125;-200;-200;0;206;0;
2155;2022.05.26 17:00;4;20.8125;-200;-200;0;206;0;
2156;2022.05.26 17:15;4;20.8125;-200;-200;0;206;0;
2157;2022.05.26 17:30;4;20.8125;-200;-200;0;206;0;
2158;2022.05.26 17:45;4;20.8125;-200;-200;0;206;0;
2159;2022.05.26 18:00;4;20.875;-200;-200;0;206;0;
2160;2022.05.26 18:15;4;20.875;-200;-200;0;206;0;
2161;2022.05.26 18:30;4;20.875;-200;-200;0;206;0;
2162;2022.05.26 18:45;4;20.875;-200;-200;0;206;0;
2163;2022.05.26 19:00;4;20.9375;-200;-200;0;206;0;
2164;2022.05.26 19:15;4;20.9375;-200;-200;0;206;0;
2165;2022.05.26 19:30;4;20.9375;-200;-200;0;206;0;
2166;2022.05.26 19:45;4;20.9375;-200;-200;0;206;0;
2167;2022.05.26 20:00;4;21;-200;-200;0;206;0;
2168;2022.05.26 20:15;4;21;-200;-200;0;206;0;
2169;2022.05.26 20:30;4;21.0625;-200;-200;0;206;0;
2170;2022.05.26 20:45;4;21.0625;-200;-200;0;206;0;
2171;2022.05.26 21:00;4;21.125;-200;-200;0;206;0;
2172;2022.05.26 21:15;4;21.125;-200;-200;0;206;0;
2173;2022.05.26 21:30;4;21.1875;-200;-200;0;206;0;
2174;2022.05.26 21:45;4;21.1875;-200;-200;0;206;0;
2175;2022.05.26 22:00;4;21.1875;-200;-200;0;206;0;
2176;2022.05.26 22:15;4;21.1875;-200;-200;0;206;0;
2177;2022.05.26 22:30;4;21.25;-200;-200;0;206;0;
2178;2022.05.26 22:45;4;21.25;-200;-200;0;206;0;
2179;2022.05.26 23:00;4;21.25;-200;-200;0;206;0;
2180;2022.05.26 23:15;4;21.3125;-200;-200;0;206;0;
2181;2022.05.26 23:30;4;21.25;-200;-200;0;206;0;
2182;2022.05.26 23:45;4;21.3125;-200;-200;0;206;0;
2183;2022.05.27 00:00;4;21.3125;-200;-200;0;206;0;
2184;2022.05.27 00:15;4;21.375;-200;-200;0;206;0;
2185;2022.05.27 00:30;4;21.375;-200;-200;0;206;0;
2186;2022.05.27 00:45;4;21.375;-200;-200;0;206;0;
2187;2022.05.27 01:00;4;21.375;-200;-200;0;206;0;
2188;2022.05.27 01:15;4;21.375;-200;-200;0;206;0;
2189;2022.05.27 01:30;4;21.375;-200;-200;0;206;0;
2190;2022.05.27 01:45;4;21.375;-200;-200;0;206;0;
2191;2022.05.27 02:00;4;21.375;-200;-200;0;206;0;
2192;2022.05.27 02:15;4;21.4375;-200;-200;0;206;0;
2193;2022.05.27 02:30;4;21.375;-200;-200;0;206;0;
2194;2022.05.27 02:45;4;21.4375;-200;-200;0;206;0;
2195;2022.05.27 03:00;4;21.375;-200;-200;0;206;0;
2196;2022.05.27 03:15;4;21.4375;-200;-200;0;206;0;
2197;2022.05.27 03:30;4;21.4375;-200;-200;0;206;0;
2198;2022.05.27 03:45;4;21.4375;-200;-200;0;206;0;
2199;2022.05.27 04:00;4;21.4375;-200;-200;0;206;0;
2200;2022.05.27 04:15;4;21.4375;-200;-200;0;206;0;
2201;2022.05.27 04:30;4;21.4375;-200;-200;0;206;0;
2202;2022.05.27 04:45;4;21.4375;-200;-200;0;206;0;
2203;2022.05.27 05:00;4;21.375;-200;-200;0;206;0;
2204;2022.05.27 05:15;4;21.375;-200;-200;0;206;0;
2205;2022.05.27 05:30;4;21.4375;-200;-200;0;206;0;
2206;2022.05.27 05:45;4;21.375;-200;-200;0;206;0;
2207;2022.05.27 06:00;4;21.375;-200;-200;0;206;0;
2208;2022.05.27 06:15;4;21.375;-200;-200;0;206;0;
2209;2022.05.27 06:30;4;21.375;-200;-200;0;206;0;
2210;2022.05.27 06:45;4;21.375;-200;-200;0;206;0;
2211;2022.05.27 07:00;4;21.375;-200;-200;0;206;0;
2212;2022.05.27 07:15;4;21.375;-200;-200;0;206;0;
2213;2022.05.27 07:30;4;21.375;-200;-200;0;206;0;
2214;2022.05.27 07:45;4;21.375;-200;-200;0;206;0;
2215;2022.05.27 08:00;4;21.375;-200;-200;0;206;0;
2216;2022.05.27 08:15;4;21.375;-200;-200;0;206;0;
2217;2022.05.27 08:30;4;21.375;-200;-200;0;206;0;
2218;2022.05.27 08:45;4;21.375;-200;-200;0;206;0;
2219;2022.05.27 09:00;4;21.375;-200;-200;0;206;0;
2220;2022.05.27 09:15;4;21.3125;-200;-200;0;206;0;
2221;2022.05.27 09:30;4;21.3125;-200;-200;0;206;0;
2222;2022.05.27 09:45;4;21.3125;-200;-200;0;206;0;
2223;2022.05.27 10:00;4;21.3125;-200;-200;0;206;0;
2224;2022.05.27 10:15;4;21.3125;-200;-200;0;206;0;
2225;2022.05.27 10:30;4;21.3125;-200;-200;0;206;0;
2226;2022.05.27 10:45;4;21.3125;-200;-200;0;206;0;
2227;2022.05.27 11:00;4;21.3125;-200;-200;0;206;0;
2228;2022.05.27 11:15;4;21.3125;-200;-200;0;206;0;
2229;2022.05.27 11:30;4;21.3125;-200;-200;0;206;0;
2230;2022.05.27 11:45;4;21.3125;-200;-200;0;206;0;
2231;2022.05.27 12:00;4;21.25;-200;-200;0;206;0;
2232;2022.05.27 12:15;4;21.3125;-200;-200;0;206;0;
2233;2022.05.27 12:30;4;21.3125;-200;-200;0;206;0;
2234;2022.05.27 12:45;4;21.25;-200;-200;0;206;0;
2235;2022.05.27 13:00;4;21.25;-200;-200;0;206;0;
2236;2022.05.27 13:15;4;21.25;-200;-200;0;206;0;
2237;2022.05.27 13:30;4;21.25;-200;-200;0;206;0;
2238;2022.05.27 13:45;4;21.3125;-200;-200;0;206;0;
2239;2022.05.27 14:00;4;21.3125;-200;-200;0;206;0;
2240;2022.05.27 14:15;4;21.3125;-200;-200;0;206;0;
2241;2022.05.27 14:30;4;21.3125;-200;-200;0;206;0;
2242;2022.05.27 14:45;4;21.3125;-200;-200;0;206;0;
2243;2022.05.27 15:00;4;21.3125;-200;-200;0;206;0;
2244;2022.05.27 15:15;4;21.3125;-200;-200;0;206;0;
2245;2022.05.27 15:30;4;21.3125;-200;-200;0;206;0;
2246;2022.05.27 15:45;4;21.3125;-200;-200;0;206;0;
2247;2022.05.27 16:00;4;21.3125;-200;-200;0;206;0;
2248;2022.05.27 16:15;4;21.3125;-200;-200;0;206;0;
2249;2022.05.27 16:30;4;21.3125;-200;-200;0;206;0;
2250;2022.05.27 16:45;4;21.3125;-200;-200;0;206;0;
2251;2022.05.27 17:00;4;21.3125;-200;-200;0;206;0;
2252;2022.05.27 17:15;4;21.3125;-200;-200;0;206;0;
2253;2022.05.27 17:30;4;21.3125;-200;-200;0;206;0;
2254;2022.05.27 17:45;4;21.3125;-200;-200;0;206;0;
2255;2022.05.27 18:00;4;21.375;-200;-200;0;206;0;
2256;2022.05.27 18:15;4;21.375;-200;-200;0;206;0;
2257;2022.05.27 18:30;4;21.375;-200;-200;0;206;0;
2258;2022.05.27 18:45;4;21.375;-200;-200;0;206;0;
2259;2022.05.27 19:00;4;21.375;-200;-200;0;206;0;
2260;2022.05.27 19:15;4;21.375;-200;-200;0;206;0;
2261;2022.05.27 19:30;4;21.4375;-200;-200;0;206;0;
2262;2022.05.27 19:45;4;21.4375;-200;-200;0;206;0;
2263;2022.05.27 20:00;4;21.4375;-200;-200;0;206;0;
2264;2022.05.27 20:15;4;21.4375;-200;-200;0;206;0;
2265;2022.05.27 20:30;4;21.4375;-200;-200;0;206;0;
2266;2022.05.27 20:45;4;21.4375;-200;-200;0;206;0;
2267;2022.05.27 21:00;4;21.5;-200;-200;0;206;0;
2268;2022.05.27 21:15;4;21.4375;-200;-200;0;206;0;
2269;2022.05.27 21:30;4;21.5;-200;-200;0;206;0;
2270;2022.05.27 21:45;4;21.5;-200;-200;0;206;0;
2271;2022.05.27 22:00;4;21.5;-200;-200;0;206;0;
2272;2022.05.27 22:15;4;21.5;-200;-200;0;206;0;
2273;2022.05.27 22:30;4;21.5625;-200;-200;0;206;0;
2274;2022.05.27 22:45;4;21.5;-200;-200;0;206;0;
2275;2022.05.27 23:00;4;21.5625;-200;-200;0;206;0;
2276;2022.05.27 23:15;4;21.5625;-200;-200;0;206;0;
2277;2022.05.27 23:30;4;21.5625;-200;-200;0;206;0;
2278;2022.05.27 23:45;4;21.5625;-200;-200;0;206;0;
